Algorithm,Problem,IndicatorName,ExecutionId,IndicatorValue
NOOP__50,MPC_1045862,HV,0,0.22005745814976255
NOOP__50,MPC_1045862,HV,1,0.24319441963775712
NOOP__50,MPC_1045862,HV,2,0.17288708690950505
NOOP__50,MPC_1005583,HV,0,0.011710023596013572
NOOP__50,MPC_1005583,HV,1,0.007866931107521824
NOOP__50,MPC_1005583,HV,2,0.013742551817717961
NOOP__50,MPC_1046202,HV,0,0.5769254319136751
NOOP__50,MPC_1046202,HV,1,0.5665019688749199
NOOP__50,MPC_1046202,HV,2,0.5844048483718568
NOOP__50,MPC_1046653,HV,0,0.6256880169727039
NOOP__50,MPC_1046653,HV,1,0.6304578918093596
NOOP__50,MPC_1046653,HV,2,0.6486916196636616
NOOP__50,MPC_1001485,HV,0,0.40840372351495036
NOOP__50,MPC_1001485,HV,1,0.39633120346728895
NOOP__50,MPC_1001485,HV,2,0.3894199014885011
NOOP__50,MPC_1042576,HV,0,0.8374841173525472
NOOP__50,MPC_1042576,HV,1,0.8175923031617817
NOOP__50,MPC_1042576,HV,2,0.840190383915872
NSGAII__100__25000__0_85__0_005,MPC_1045862,HV,0,0.47834805681605375
NSGAII__100__25000__0_85__0_005,MPC_1045862,HV,1,0.48030283499849424
NSGAII__100__25000__0_85__0_005,MPC_1045862,HV,2,0.4615809889210069
NSGAII__100__25000__0_85__0_005,MPC_1005583,HV,0,0.11206366811252
NSGAII__100__25000__0_85__0_005,MPC_1005583,HV,1,0.12252553378692142
NSGAII__100__25000__0_85__0_005,MPC_1005583,HV,2,0.11701169379906874
NSGAII__100__25000__0_85__0_005,MPC_1046202,HV,0,0.7240277046372029
NSGAII__100__25000__0_85__0_005,MPC_1046202,HV,1,0.7257851777855222
NSGAII__100__25000__0_85__0_005,MPC_1046202,HV,2,0.7303241626142123
NSGAII__100__25000__0_85__0_005,MPC_1046653,HV,0,0.8263607626560093
NSGAII__100__25000__0_85__0_005,MPC_1046653,HV,1,0.8264078669480014
NSGAII__100__25000__0_85__0_005,MPC_1046653,HV,2,0.8184666696500811
NSGAII__100__25000__0_85__0_005,MPC_1001485,HV,0,0.681154672760857
NSGAII__100__25000__0_85__0_005,MPC_1001485,HV,1,0.6712276166400032
NSGAII__100__25000__0_85__0_005,MPC_1001485,HV,2,0.6769209760317645
NSGAII__100__25000__0_85__0_005,MPC_1042576,HV,0,0.9542481277501471
NSGAII__100__25000__0_85__0_005,MPC_1042576,HV,1,0.9648710297831875
NSGAII__100__25000__0_85__0_005,MPC_1042576,HV,2,0.9661708525179808
NSGAII__100__25000__0_85__0_01,MPC_1045862,HV,0,0.4410077885418751
NSGAII__100__25000__0_85__0_01,MPC_1045862,HV,1,0.4798834327273338
NSGAII__100__25000__0_85__0_01,MPC_1045862,HV,2,0.4970158797423677
NSGAII__100__25000__0_85__0_01,MPC_1005583,HV,0,0.11630160280868598
NSGAII__100__25000__0_85__0_01,MPC_1005583,HV,1,0.11422169665675841
NSGAII__100__25000__0_85__0_01,MPC_1005583,HV,2,0.11215254030281976
NSGAII__100__25000__0_85__0_01,MPC_1046202,HV,0,0.7440020062802185
NSGAII__100__25000__0_85__0_01,MPC_1046202,HV,1,0.7222767740633854
NSGAII__100__25000__0_85__0_01,MPC_1046202,HV,2,0.7201548876918071
NSGAII__100__25000__0_85__0_01,MPC_1046653,HV,0,0.8392999406720871
NSGAII__100__25000__0_85__0_01,MPC_1046653,HV,1,0.8159781661230225
NSGAII__100__25000__0_85__0_01,MPC_1046653,HV,2,0.8184479318646617
NSGAII__100__25000__0_85__0_01,MPC_1001485,HV,0,0.6884898118075974
NSGAII__100__25000__0_85__0_01,MPC_1001485,HV,1,0.70276086573267
NSGAII__100__25000__0_85__0_01,MPC_1001485,HV,2,0.7100258926825032
NSGAII__100__25000__0_85__0_01,MPC_1042576,HV,0,0.9623560980897053
NSGAII__100__25000__0_85__0_01,MPC_1042576,HV,1,0.9592068525249281
NSGAII__100__25000__0_85__0_01,MPC_1042576,HV,2,0.9612672692460942
NSGAII__100__25000__0_85__0_015,MPC_1045862,HV,0,0.4840023118200216
NSGAII__100__25000__0_85__0_015,MPC_1045862,HV,1,0.4652011828440592
NSGAII__100__25000__0_85__0_015,MPC_1045862,HV,2,0.4904923092361774
NSGAII__100__25000__0_85__0_015,MPC_1005583,HV,0,0.11649183950846272
NSGAII__100__25000__0_85__0_015,MPC_1005583,HV,1,0.09505730956772908
NSGAII__100__25000__0_85__0_015,MPC_1005583,HV,2,0.11208652861738863
NSGAII__100__25000__0_85__0_015,MPC_1046202,HV,0,0.7353074842811136
NSGAII__100__25000__0_85__0_015,MPC_1046202,HV,1,0.7419726568141055
NSGAII__100__25000__0_85__0_015,MPC_1046202,HV,2,0.7254271315694452
NSGAII__100__25000__0_85__0_015,MPC_1046653,HV,0,0.8395879469873063
NSGAII__100__25000__0_85__0_015,MPC_1046653,HV,1,0.8214041560400506
NSGAII__100__25000__0_85__0_015,MPC_1046653,HV,2,0.8301667694070844
NSGAII__100__25000__0_85__0_015,MPC_1001485,HV,0,0.7142356706114836
NSGAII__100__25000__0_85__0_015,MPC_1001485,HV,1,0.6821688605405349
NSGAII__100__25000__0_85__0_015,MPC_1001485,HV,2,0.6790957704998546
NSGAII__100__25000__0_85__0_015,MPC_1042576,HV,0,0.9543510288765624
NSGAII__100__25000__0_85__0_015,MPC_1042576,HV,1,0.9656699203495998
NSGAII__100__25000__0_85__0_015,MPC_1042576,HV,2,0.9567326675333293
NSGAII__100__25000__0_9__0_005,MPC_1045862,HV,0,0.45895167699150813
NSGAII__100__25000__0_9__0_005,MPC_1045862,HV,1,0.4904812472941352
NSGAII__100__25000__0_9__0_005,MPC_1045862,HV,2,0.4693150862165616
NSGAII__100__25000__0_9__0_005,MPC_1005583,HV,0,0.11325360979699044
NSGAII__100__25000__0_9__0_005,MPC_1005583,HV,1,0.11925020200919426
NSGAII__100__25000__0_9__0_005,MPC_1005583,HV,2,0.11250676507960497
NSGAII__100__25000__0_9__0_005,MPC_1046202,HV,0,0.7328951209764754
NSGAII__100__25000__0_9__0_005,MPC_1046202,HV,1,0.7413837446474508
NSGAII__100__25000__0_9__0_005,MPC_1046202,HV,2,0.7319732168598947
NSGAII__100__25000__0_9__0_005,MPC_1046653,HV,0,0.8288076127529289
NSGAII__100__25000__0_9__0_005,MPC_1046653,HV,1,0.8123675139134885
NSGAII__100__25000__0_9__0_005,MPC_1046653,HV,2,0.8320462779880412
NSGAII__100__25000__0_9__0_005,MPC_1001485,HV,0,0.6913668496061546
NSGAII__100__25000__0_9__0_005,MPC_1001485,HV,1,0.698766160364187
NSGAII__100__25000__0_9__0_005,MPC_1001485,HV,2,0.6766301144572636
NSGAII__100__25000__0_9__0_005,MPC_1042576,HV,0,0.9577487461498858
NSGAII__100__25000__0_9__0_005,MPC_1042576,HV,1,0.9541595310095574
NSGAII__100__25000__0_9__0_005,MPC_1042576,HV,2,0.9579801774324073
NSGAII__100__25000__0_9__0_01,MPC_1045862,HV,0,0.4881958047000941
NSGAII__100__25000__0_9__0_01,MPC_1045862,HV,1,0.45237212876141425
NSGAII__100__25000__0_9__0_01,MPC_1045862,HV,2,0.4850484967806977
NSGAII__100__25000__0_9__0_01,MPC_1005583,HV,0,0.11675848103067418
NSGAII__100__25000__0_9__0_01,MPC_1005583,HV,1,0.120416322206449
NSGAII__100__25000__0_9__0_01,MPC_1005583,HV,2,0.1146032537935397
NSGAII__100__25000__0_9__0_01,MPC_1046202,HV,0,0.7453789383576471
NSGAII__100__25000__0_9__0_01,MPC_1046202,HV,1,0.7304530362679479
NSGAII__100__25000__0_9__0_01,MPC_1046202,HV,2,0.7308697643848525
NSGAII__100__25000__0_9__0_01,MPC_1046653,HV,0,0.823479854582608
NSGAII__100__25000__0_9__0_01,MPC_1046653,HV,1,0.8266254915053165
NSGAII__100__25000__0_9__0_01,MPC_1046653,HV,2,0.8433112827049408
NSGAII__100__25000__0_9__0_01,MPC_1001485,HV,0,0.7004358100781707
NSGAII__100__25000__0_9__0_01,MPC_1001485,HV,1,0.7059824041138298
NSGAII__100__25000__0_9__0_01,MPC_1001485,HV,2,0.6838964825385139
NSGAII__100__25000__0_9__0_01,MPC_1042576,HV,0,0.9577616169793733
NSGAII__100__25000__0_9__0_01,MPC_1042576,HV,1,0.9570351955848961
NSGAII__100__25000__0_9__0_01,MPC_1042576,HV,2,0.9595333401104955
NSGAII__100__25000__0_9__0_015,MPC_1045862,HV,0,0.47550102660431026
NSGAII__100__25000__0_9__0_015,MPC_1045862,HV,1,0.45484217173365404
NSGAII__100__25000__0_9__0_015,MPC_1045862,HV,2,0.4626912113713373
NSGAII__100__25000__0_9__0_015,MPC_1005583,HV,0,0.11899778002032174
NSGAII__100__25000__0_9__0_015,MPC_1005583,HV,1,0.11107606469036843
NSGAII__100__25000__0_9__0_015,MPC_1005583,HV,2,0.1184436360841346
NSGAII__100__25000__0_9__0_015,MPC_1046202,HV,0,0.7406269547432979
NSGAII__100__25000__0_9__0_015,MPC_1046202,HV,1,0.7232468405565904
NSGAII__100__25000__0_9__0_015,MPC_1046202,HV,2,0.7324881209964067
NSGAII__100__25000__0_9__0_015,MPC_1046653,HV,0,0.8308678172184298
NSGAII__100__25000__0_9__0_015,MPC_1046653,HV,1,0.8134568342622771
NSGAII__100__25000__0_9__0_015,MPC_1046653,HV,2,0.82045298734422
NSGAII__100__25000__0_9__0_015,MPC_1001485,HV,0,0.6979036245457678
NSGAII__100__25000__0_9__0_015,MPC_1001485,HV,1,0.6737276843686866
NSGAII__100__25000__0_9__0_015,MPC_1001485,HV,2,0.7117471413688159
NSGAII__100__25000__0_9__0_015,MPC_1042576,HV,0,0.9663390938256575
NSGAII__100__25000__0_9__0_015,MPC_1042576,HV,1,0.9565138001544309
NSGAII__100__25000__0_9__0_015,MPC_1042576,HV,2,0.9605397043940908
NSGAII__100__25000__0_95__0_005,MPC_1045862,HV,0,0.4629017679790337
NSGAII__100__25000__0_95__0_005,MPC_1045862,HV,1,0.48152899751867906
NSGAII__100__25000__0_95__0_005,MPC_1045862,HV,2,0.5150635983967702
NSGAII__100__25000__0_95__0_005,MPC_1005583,HV,0,0.1153119894817564
NSGAII__100__25000__0_95__0_005,MPC_1005583,HV,1,0.11339146257161929
NSGAII__100__25000__0_95__0_005,MPC_1005583,HV,2,0.11912104491055431
NSGAII__100__25000__0_95__0_005,MPC_1046202,HV,0,0.7383376614215744
NSGAII__100__25000__0_95__0_005,MPC_1046202,HV,1,0.740592523202243
NSGAII__100__25000__0_95__0_005,MPC_1046202,HV,2,0.724079279093131
NSGAII__100__25000__0_95__0_005,MPC_1046653,HV,0,0.8416260993521405
NSGAII__100__25000__0_95__0_005,MPC_1046653,HV,1,0.8265326528710455
NSGAII__100__25000__0_95__0_005,MPC_1046653,HV,2,0.838286755055848
NSGAII__100__25000__0_95__0_005,MPC_1001485,HV,0,0.6913808972423824
NSGAII__100__25000__0_95__0_005,MPC_1001485,HV,1,0.7090065825823783
NSGAII__100__25000__0_95__0_005,MPC_1001485,HV,2,0.6864931725866393
NSGAII__100__25000__0_95__0_005,MPC_1042576,HV,0,0.962127977699165
NSGAII__100__25000__0_95__0_005,MPC_1042576,HV,1,0.9647165395830181
NSGAII__100__25000__0_95__0_005,MPC_1042576,HV,2,0.9662105498521278
NSGAII__100__25000__0_95__0_01,MPC_1045862,HV,0,0.4948425439079439
NSGAII__100__25000__0_95__0_01,MPC_1045862,HV,1,0.46538781883995567
NSGAII__100__25000__0_95__0_01,MPC_1045862,HV,2,0.49733697469656446
NSGAII__100__25000__0_95__0_01,MPC_1005583,HV,0,0.11676668727647715
NSGAII__100__25000__0_95__0_01,MPC_1005583,HV,1,0.11368714252965037
NSGAII__100__25000__0_95__0_01,MPC_1005583,HV,2,0.12158401237893793
NSGAII__100__25000__0_95__0_01,MPC_1046202,HV,0,0.7359323436641535
NSGAII__100__25000__0_95__0_01,MPC_1046202,HV,1,0.737557018594262
NSGAII__100__25000__0_95__0_01,MPC_1046202,HV,2,0.7305374001562409
NSGAII__100__25000__0_95__0_01,MPC_1046653,HV,0,0.8190712041244762
NSGAII__100__25000__0_95__0_01,MPC_1046653,HV,1,0.8358502189019689
NSGAII__100__25000__0_95__0_01,MPC_1046653,HV,2,0.8334609391824646
NSGAII__100__25000__0_95__0_01,MPC_1001485,HV,0,0.6984768297233078
NSGAII__100__25000__0_95__0_01,MPC_1001485,HV,1,0.7026862104666232
NSGAII__100__25000__0_95__0_01,MPC_1001485,HV,2,0.6908411571450527
NSGAII__100__25000__0_95__0_01,MPC_1042576,HV,0,0.9600927378946285
NSGAII__100__25000__0_95__0_01,MPC_1042576,HV,1,0.96272948898711
NSGAII__100__25000__0_95__0_01,MPC_1042576,HV,2,0.9575008339944735
NSGAII__100__25000__0_95__0_015,MPC_1045862,HV,0,0.47680646471329513
NSGAII__100__25000__0_95__0_015,MPC_1045862,HV,1,0.4744474387605074
NSGAII__100__25000__0_95__0_015,MPC_1045862,HV,2,0.4765341670499317
NSGAII__100__25000__0_95__0_015,MPC_1005583,HV,0,0.12492368236896056
NSGAII__100__25000__0_95__0_015,MPC_1005583,HV,1,0.11848229017736972
NSGAII__100__25000__0_95__0_015,MPC_1005583,HV,2,0.11261435088481489
NSGAII__100__25000__0_95__0_015,MPC_1046202,HV,0,0.743249509326489
NSGAII__100__25000__0_95__0_015,MPC_1046202,HV,1,0.734999518195709
NSGAII__100__25000__0_95__0_015,MPC_1046202,HV,2,0.7319140869215236
NSGAII__100__25000__0_95__0_015,MPC_1046653,HV,0,0.8313261838148187
NSGAII__100__25000__0_95__0_015,MPC_1046653,HV,1,0.8322258764837528
NSGAII__100__25000__0_95__0_015,MPC_1046653,HV,2,0.8257064206507967
NSGAII__100__25000__0_95__0_015,MPC_1001485,HV,0,0.7055145345829053
NSGAII__100__25000__0_95__0_015,MPC_1001485,HV,1,0.7029413496556609
NSGAII__100__25000__0_95__0_015,MPC_1001485,HV,2,0.6826680495008902
NSGAII__100__25000__0_95__0_015,MPC_1042576,HV,0,0.9630165807153833
NSGAII__100__25000__0_95__0_015,MPC_1042576,HV,1,0.959990707561425
NSGAII__100__25000__0_95__0_015,MPC_1042576,HV,2,0.9633379069261931
SMSEMOA__100__25000__0_85__0_005,MPC_1045862,HV,0,0.4837836304131868
SMSEMOA__100__25000__0_85__0_005,MPC_1045862,HV,1,0.4835841081327825
SMSEMOA__100__25000__0_85__0_005,MPC_1045862,HV,2,0.4595845597603869
SMSEMOA__100__25000__0_85__0_005,MPC_1005583,HV,0,0.11361834417855655
SMSEMOA__100__25000__0_85__0_005,MPC_1005583,HV,1,0.13028539408864828
SMSEMOA__100__25000__0_85__0_005,MPC_1005583,HV,2,0.1300537375436682
SMSEMOA__100__25000__0_85__0_005,MPC_1046202,HV,0,0.7186349956214535
SMSEMOA__100__25000__0_85__0_005,MPC_1046202,HV,1,0.7276572169681883
SMSEMOA__100__25000__0_85__0_005,MPC_1046202,HV,2,0.7186349956214535
SMSEMOA__100__25000__0_85__0_005,MPC_1046653,HV,0,0.8288865913721641
SMSEMOA__100__25000__0_85__0_005,MPC_1046653,HV,1,0.812345133830843
SMSEMOA__100__25000__0_85__0_005,MPC_1046653,HV,2,0.824565568884106
SMSEMOA__100__25000__0_85__0_005,MPC_1001485,HV,0,0.6782266368532208
SMSEMOA__100__25000__0_85__0_005,MPC_1001485,HV,1,0.6942389267590288
SMSEMOA__100__25000__0_85__0_005,MPC_1001485,HV,2,0.6952911464163809
SMSEMOA__100__25000__0_85__0_005,MPC_1042576,HV,0,0.9570911258037005
SMSEMOA__100__25000__0_85__0_005,MPC_1042576,HV,1,0.9516430863045603
SMSEMOA__100__25000__0_85__0_005,MPC_1042576,HV,2,0.9530484104248088
SMSEMOA__100__25000__0_85__0_01,MPC_1045862,HV,0,0.4721693717590503
SMSEMOA__100__25000__0_85__0_01,MPC_1045862,HV,1,0.4792686148409468
SMSEMOA__100__25000__0_85__0_01,MPC_1045862,HV,2,0.48553944307726465
SMSEMOA__100__25000__0_85__0_01,MPC_1005583,HV,0,0.12890708528548322
SMSEMOA__100__25000__0_85__0_01,MPC_1005583,HV,1,0.12667492527357715
SMSEMOA__100__25000__0_85__0_01,MPC_1005583,HV,2,0.11986367398542766
SMSEMOA__100__25000__0_85__0_01,MPC_1046202,HV,0,0.7344049278030043
SMSEMOA__100__25000__0_85__0_01,MPC_1046202,HV,1,0.7266541975202073
SMSEMOA__100__25000__0_85__0_01,MPC_1046202,HV,2,0.7306252867133124
SMSEMOA__100__25000__0_85__0_01,MPC_1046653,HV,0,0.8311225975738876
SMSEMOA__100__25000__0_85__0_01,MPC_1046653,HV,1,0.8193234889701426
SMSEMOA__100__25000__0_85__0_01,MPC_1046653,HV,2,0.8129555495645369
SMSEMOA__100__25000__0_85__0_01,MPC_1001485,HV,0,0.6793265015115505
SMSEMOA__100__25000__0_85__0_01,MPC_1001485,HV,1,0.6864623725601503
SMSEMOA__100__25000__0_85__0_01,MPC_1001485,HV,2,0.7038780506430872
SMSEMOA__100__25000__0_85__0_01,MPC_1042576,HV,0,0.9567250720633018
SMSEMOA__100__25000__0_85__0_01,MPC_1042576,HV,1,0.961777125758636
SMSEMOA__100__25000__0_85__0_01,MPC_1042576,HV,2,0.9629339449903854
SMSEMOA__100__25000__0_85__0_015,MPC_1045862,HV,0,0.4745366031523638
SMSEMOA__100__25000__0_85__0_015,MPC_1045862,HV,1,0.4893149307218428
SMSEMOA__100__25000__0_85__0_015,MPC_1045862,HV,2,0.47647730970298846
SMSEMOA__100__25000__0_85__0_015,MPC_1005583,HV,0,0.12383516453266863
SMSEMOA__100__25000__0_85__0_015,MPC_1005583,HV,1,0.12898599221561108
SMSEMOA__100__25000__0_85__0_015,MPC_1005583,HV,2,0.130579915012353
SMSEMOA__100__25000__0_85__0_015,MPC_1046202,HV,0,0.7348571677319289
SMSEMOA__100__25000__0_85__0_015,MPC_1046202,HV,1,0.7271870771011546
SMSEMOA__100__25000__0_85__0_015,MPC_1046202,HV,2,0.7303407394528718
SMSEMOA__100__25000__0_85__0_015,MPC_1046653,HV,0,0.8393255470479192
SMSEMOA__100__25000__0_85__0_015,MPC_1046653,HV,1,0.8165487012077103
SMSEMOA__100__25000__0_85__0_015,MPC_1046653,HV,2,0.8133803742950646
SMSEMOA__100__25000__0_85__0_015,MPC_1001485,HV,0,0.7050917088980506
SMSEMOA__100__25000__0_85__0_015,MPC_1001485,HV,1,0.6869589609677302
SMSEMOA__100__25000__0_85__0_015,MPC_1001485,HV,2,0.7038742697976852
SMSEMOA__100__25000__0_85__0_015,MPC_1042576,HV,0,0.9623418484671928
SMSEMOA__100__25000__0_85__0_015,MPC_1042576,HV,1,0.9576708957356996
SMSEMOA__100__25000__0_85__0_015,MPC_1042576,HV,2,0.9551259354022836
SMSEMOA__100__25000__0_9__0_005,MPC_1045862,HV,0,0.49921405569622185
SMSEMOA__100__25000__0_9__0_005,MPC_1045862,HV,1,0.4859959044721698
SMSEMOA__100__25000__0_9__0_005,MPC_1045862,HV,2,0.475389788752819
SMSEMOA__100__25000__0_9__0_005,MPC_1005583,HV,0,0.1305884949555968
SMSEMOA__100__25000__0_9__0_005,MPC_1005583,HV,1,0.126550222893419
SMSEMOA__100__25000__0_9__0_005,MPC_1005583,HV,2,0.13467041913863692
SMSEMOA__100__25000__0_9__0_005,MPC_1046202,HV,0,0.7301729636412673
SMSEMOA__100__25000__0_9__0_005,MPC_1046202,HV,1,0.7412441563416456
SMSEMOA__100__25000__0_9__0_005,MPC_1046202,HV,2,0.7334302473778787
SMSEMOA__100__25000__0_9__0_005,MPC_1046653,HV,0,0.8241458736577398
SMSEMOA__100__25000__0_9__0_005,MPC_1046653,HV,1,0.8165722541173734
SMSEMOA__100__25000__0_9__0_005,MPC_1046653,HV,2,0.8219948382044229
SMSEMOA__100__25000__0_9__0_005,MPC_1001485,HV,0,0.6928191780920067
SMSEMOA__100__25000__0_9__0_005,MPC_1001485,HV,1,0.6878339759365714
SMSEMOA__100__25000__0_9__0_005,MPC_1001485,HV,2,0.6981295363366059
SMSEMOA__100__25000__0_9__0_005,MPC_1042576,HV,0,0.963481099643515
SMSEMOA__100__25000__0_9__0_005,MPC_1042576,HV,1,0.9614423066525407
SMSEMOA__100__25000__0_9__0_005,MPC_1042576,HV,2,0.9589750336413284
SMSEMOA__100__25000__0_9__0_01,MPC_1045862,HV,0,0.4742600990973416
SMSEMOA__100__25000__0_9__0_01,MPC_1045862,HV,1,0.4853412266498802
SMSEMOA__100__25000__0_9__0_01,MPC_1045862,HV,2,0.478846061963996
SMSEMOA__100__25000__0_9__0_01,MPC_1005583,HV,0,0.1332870916059629
SMSEMOA__100__25000__0_9__0_01,MPC_1005583,HV,1,0.12682708280154836
SMSEMOA__100__25000__0_9__0_01,MPC_1005583,HV,2,0.12239410449388363
SMSEMOA__100__25000__0_9__0_01,MPC_1046202,HV,0,0.7283972189945661
SMSEMOA__100__25000__0_9__0_01,MPC_1046202,HV,1,0.727369441834704
SMSEMOA__100__25000__0_9__0_01,MPC_1046202,HV,2,0.7249218145066828
SMSEMOA__100__25000__0_9__0_01,MPC_1046653,HV,0,0.830993330660348
SMSEMOA__100__25000__0_9__0_01,MPC_1046653,HV,1,0.8321225312933387
SMSEMOA__100__25000__0_9__0_01,MPC_1046653,HV,2,0.8194610111920904
SMSEMOA__100__25000__0_9__0_01,MPC_1001485,HV,0,0.680775694038242
SMSEMOA__100__25000__0_9__0_01,MPC_1001485,HV,1,0.6893810519621567
SMSEMOA__100__25000__0_9__0_01,MPC_1001485,HV,2,0.6763881038411712
SMSEMOA__100__25000__0_9__0_01,MPC_1042576,HV,0,0.9578983993809387
SMSEMOA__100__25000__0_9__0_01,MPC_1042576,HV,1,0.9643713882118669
SMSEMOA__100__25000__0_9__0_01,MPC_1042576,HV,2,0.9622474573896688
SMSEMOA__100__25000__0_9__0_015,MPC_1045862,HV,0,0.4679266933935993
SMSEMOA__100__25000__0_9__0_015,MPC_1045862,HV,1,0.47647020383482025
SMSEMOA__100__25000__0_9__0_015,MPC_1045862,HV,2,0.4836729896751654
SMSEMOA__100__25000__0_9__0_015,MPC_1005583,HV,0,0.12819062426516625
SMSEMOA__100__25000__0_9__0_015,MPC_1005583,HV,1,0.1269749990618025
SMSEMOA__100__25000__0_9__0_015,MPC_1005583,HV,2,0.12128627528528187
SMSEMOA__100__25000__0_9__0_015,MPC_1046202,HV,0,0.7332126296942378
SMSEMOA__100__25000__0_9__0_015,MPC_1046202,HV,1,0.7341273270554175
SMSEMOA__100__25000__0_9__0_015,MPC_1046202,HV,2,0.73527780853057
SMSEMOA__100__25000__0_9__0_015,MPC_1046653,HV,0,0.8172422177960587
SMSEMOA__100__25000__0_9__0_015,MPC_1046653,HV,1,0.8262767474054677
SMSEMOA__100__25000__0_9__0_015,MPC_1046653,HV,2,0.8034487810836284
SMSEMOA__100__25000__0_9__0_015,MPC_1001485,HV,0,0.7032995931335464
SMSEMOA__100__25000__0_9__0_015,MPC_1001485,HV,1,0.7033315968331241
SMSEMOA__100__25000__0_9__0_015,MPC_1001485,HV,2,0.6951877408763356
SMSEMOA__100__25000__0_9__0_015,MPC_1042576,HV,0,0.9622763319160335
SMSEMOA__100__25000__0_9__0_015,MPC_1042576,HV,1,0.9589211622497271
SMSEMOA__100__25000__0_9__0_015,MPC_1042576,HV,2,0.9529296110166221
SMSEMOA__100__25000__0_95__0_005,MPC_1045862,HV,0,0.48547002501011377
SMSEMOA__100__25000__0_95__0_005,MPC_1045862,HV,1,0.5211448709121459
SMSEMOA__100__25000__0_95__0_005,MPC_1045862,HV,2,0.48137815108402443
SMSEMOA__100__25000__0_95__0_005,MPC_1005583,HV,0,0.12525608521948256
SMSEMOA__100__25000__0_95__0_005,MPC_1005583,HV,1,0.13341954528418146
SMSEMOA__100__25000__0_95__0_005,MPC_1005583,HV,2,0.12151502214823619
SMSEMOA__100__25000__0_95__0_005,MPC_1046202,HV,0,0.7390779897871608
SMSEMOA__100__25000__0_95__0_005,MPC_1046202,HV,1,0.7414936445579294
SMSEMOA__100__25000__0_95__0_005,MPC_1046202,HV,2,0.7442212285786811
SMSEMOA__100__25000__0_95__0_005,MPC_1046653,HV,0,0.7988673092937624
SMSEMOA__100__25000__0_95__0_005,MPC_1046653,HV,1,0.8075615968426758
SMSEMOA__100__25000__0_95__0_005,MPC_1046653,HV,2,0.8159461120306797
SMSEMOA__100__25000__0_95__0_005,MPC_1001485,HV,0,0.7208802323255702
SMSEMOA__100__25000__0_95__0_005,MPC_1001485,HV,1,0.7089251919951108
SMSEMOA__100__25000__0_95__0_005,MPC_1001485,HV,2,0.7017376244573446
SMSEMOA__100__25000__0_95__0_005,MPC_1042576,HV,0,0.9574160606481397
SMSEMOA__100__25000__0_95__0_005,MPC_1042576,HV,1,0.9510414845488803
SMSEMOA__100__25000__0_95__0_005,MPC_1042576,HV,2,0.9475538500522276
SMSEMOA__100__25000__0_95__0_01,MPC_1045862,HV,0,0.48821146312346203
SMSEMOA__100__25000__0_95__0_01,MPC_1045862,HV,1,0.5042950874961513
SMSEMOA__100__25000__0_95__0_01,MPC_1045862,HV,2,0.5197547581853545
SMSEMOA__100__25000__0_95__0_01,MPC_1005583,HV,0,0.12150258840875361
SMSEMOA__100__25000__0_95__0_01,MPC_1005583,HV,1,0.13185920333158258
SMSEMOA__100__25000__0_95__0_01,MPC_1005583,HV,2,0.12413750723566672
SMSEMOA__100__25000__0_95__0_01,MPC_1046202,HV,0,0.7170395602705749
SMSEMOA__100__25000__0_95__0_01,MPC_1046202,HV,1,0.738573561746333
SMSEMOA__100__25000__0_95__0_01,MPC_1046202,HV,2,0.7405218430535297
SMSEMOA__100__25000__0_95__0_01,MPC_1046653,HV,0,0.832903075162748
SMSEMOA__100__25000__0_95__0_01,MPC_1046653,HV,1,0.8317901654240987
SMSEMOA__100__25000__0_95__0_01,MPC_1046653,HV,2,0.8241108994429547
SMSEMOA__100__25000__0_95__0_01,MPC_1001485,HV,0,0.6915977866927399
SMSEMOA__100__25000__0_95__0_01,MPC_1001485,HV,1,0.7054573164288342
SMSEMOA__100__25000__0_95__0_01,MPC_1001485,HV,2,0.7143591140053952
SMSEMOA__100__25000__0_95__0_01,MPC_1042576,HV,0,0.954128196440083
SMSEMOA__100__25000__0_95__0_01,MPC_1042576,HV,1,0.9624041412955658
SMSEMOA__100__25000__0_95__0_01,MPC_1042576,HV,2,0.9629327368400653
SMSEMOA__100__25000__0_95__0_015,MPC_1045862,HV,0,0.47526066037336323
SMSEMOA__100__25000__0_95__0_015,MPC_1045862,HV,1,0.4870576153075854
SMSEMOA__100__25000__0_95__0_015,MPC_1045862,HV,2,0.4847727933433483
SMSEMOA__100__25000__0_95__0_015,MPC_1005583,HV,0,0.12201729803207102
SMSEMOA__100__25000__0_95__0_015,MPC_1005583,HV,1,0.13078901373624213
SMSEMOA__100__25000__0_95__0_015,MPC_1005583,HV,2,0.13462404481090248
SMSEMOA__100__25000__0_95__0_015,MPC_1046202,HV,0,0.7244768357478324
SMSEMOA__100__25000__0_95__0_015,MPC_1046202,HV,1,0.7309251939286255
SMSEMOA__100__25000__0_95__0_015,MPC_1046202,HV,2,0.7360001200121687
SMSEMOA__100__25000__0_95__0_015,MPC_1046653,HV,0,0.8145538396510255
SMSEMOA__100__25000__0_95__0_015,MPC_1046653,HV,1,0.8120364468172373
SMSEMOA__100__25000__0_95__0_015,MPC_1046653,HV,2,0.8154815675334103
SMSEMOA__100__25000__0_95__0_015,MPC_1001485,HV,0,0.7233393765528149
SMSEMOA__100__25000__0_95__0_015,MPC_1001485,HV,1,0.7027808951021814
SMSEMOA__100__25000__0_95__0_015,MPC_1001485,HV,2,0.6967613019378236
SMSEMOA__100__25000__0_95__0_015,MPC_1042576,HV,0,0.9571410933726803
SMSEMOA__100__25000__0_95__0_015,MPC_1042576,HV,1,0.9647464969773185
SMSEMOA__100__25000__0_95__0_015,MPC_1042576,HV,2,0.9565731782788327
MACO1__30__100__1_0__2_0__0_01,MPC_1045862,HV,0,0.28259961310364784
MACO1__30__100__1_0__2_0__0_01,MPC_1045862,HV,1,0.2736945905803326
MACO1__30__100__1_0__2_0__0_01,MPC_1045862,HV,2,0.2628268361141513
MACO1__30__100__1_0__2_0__0_01,MPC_1005583,HV,0,0.031005362791339103
MACO1__30__100__1_0__2_0__0_01,MPC_1005583,HV,1,0.029933460351320725
MACO1__30__100__1_0__2_0__0_01,MPC_1005583,HV,2,0.028520402252687396
MACO1__30__100__1_0__2_0__0_01,MPC_1046202,HV,0,0.6585367394437177
MACO1__30__100__1_0__2_0__0_01,MPC_1046202,HV,1,0.6628905994006733
MACO1__30__100__1_0__2_0__0_01,MPC_1046202,HV,2,0.6723375665574389
MACO1__30__100__1_0__2_0__0_01,MPC_1046653,HV,0,0.7007893449373221
MACO1__30__100__1_0__2_0__0_01,MPC_1046653,HV,1,0.7054598536785917
MACO1__30__100__1_0__2_0__0_01,MPC_1046653,HV,2,0.6996478047986318
MACO1__30__100__1_0__2_0__0_01,MPC_1001485,HV,0,0.4590707525966765
MACO1__30__100__1_0__2_0__0_01,MPC_1001485,HV,1,0.4621651107283488
MACO1__30__100__1_0__2_0__0_01,MPC_1001485,HV,2,0.44889293871855535
MACO1__30__100__1_0__2_0__0_01,MPC_1042576,HV,0,0.8927046430744027
MACO1__30__100__1_0__2_0__0_01,MPC_1042576,HV,1,0.8911479885720792
MACO1__30__100__1_0__2_0__0_01,MPC_1042576,HV,2,0.8978428263846612
MACO1__30__100__1_0__2_0__0_1,MPC_1045862,HV,0,0.260917446472818
MACO1__30__100__1_0__2_0__0_1,MPC_1045862,HV,1,0.2668334439129251
MACO1__30__100__1_0__2_0__0_1,MPC_1045862,HV,2,0.2670447766630387
MACO1__30__100__1_0__2_0__0_1,MPC_1005583,HV,0,0.03483476288325268
MACO1__30__100__1_0__2_0__0_1,MPC_1005583,HV,1,0.02576169211389705
MACO1__30__100__1_0__2_0__0_1,MPC_1005583,HV,2,0.03526556014298256
MACO1__30__100__1_0__2_0__0_1,MPC_1046202,HV,0,0.6701717263951259
MACO1__30__100__1_0__2_0__0_1,MPC_1046202,HV,1,0.6764056576088968
MACO1__30__100__1_0__2_0__0_1,MPC_1046202,HV,2,0.6645375279713763
MACO1__30__100__1_0__2_0__0_1,MPC_1046653,HV,0,0.7040608702251485
MACO1__30__100__1_0__2_0__0_1,MPC_1046653,HV,1,0.6998518976580953
MACO1__30__100__1_0__2_0__0_1,MPC_1046653,HV,2,0.7115773883905206
MACO1__30__100__1_0__2_0__0_1,MPC_1001485,HV,0,0.49410617685982805
MACO1__30__100__1_0__2_0__0_1,MPC_1001485,HV,1,0.45764417065189195
MACO1__30__100__1_0__2_0__0_1,MPC_1001485,HV,2,0.47359609890517845
MACO1__30__100__1_0__2_0__0_1,MPC_1042576,HV,0,0.8954474143996036
MACO1__30__100__1_0__2_0__0_1,MPC_1042576,HV,1,0.8816196283047689
MACO1__30__100__1_0__2_0__0_1,MPC_1042576,HV,2,0.8847745593521422
MACO1__30__100__1_0__4_0__0_01,MPC_1045862,HV,0,0.2714176934448756
MACO1__30__100__1_0__4_0__0_01,MPC_1045862,HV,1,0.26894684215108433
MACO1__30__100__1_0__4_0__0_01,MPC_1045862,HV,2,0.28279487598165143
MACO1__30__100__1_0__4_0__0_01,MPC_1005583,HV,0,0.020213151126821496
MACO1__30__100__1_0__4_0__0_01,MPC_1005583,HV,1,0.025979493661782704
MACO1__30__100__1_0__4_0__0_01,MPC_1005583,HV,2,0.02375623331366991
MACO1__30__100__1_0__4_0__0_01,MPC_1046202,HV,0,0.6631704820995972
MACO1__30__100__1_0__4_0__0_01,MPC_1046202,HV,1,0.6697089896849588
MACO1__30__100__1_0__4_0__0_01,MPC_1046202,HV,2,0.6690770536154285
MACO1__30__100__1_0__4_0__0_01,MPC_1046653,HV,0,0.706935756145006
MACO1__30__100__1_0__4_0__0_01,MPC_1046653,HV,1,0.7022857587612464
MACO1__30__100__1_0__4_0__0_01,MPC_1046653,HV,2,0.705866616696594
MACO1__30__100__1_0__4_0__0_01,MPC_1001485,HV,0,0.47264227563304123
MACO1__30__100__1_0__4_0__0_01,MPC_1001485,HV,1,0.44516551318458775
MACO1__30__100__1_0__4_0__0_01,MPC_1001485,HV,2,0.4622044750115806
MACO1__30__100__1_0__4_0__0_01,MPC_1042576,HV,0,0.8923226023789534
MACO1__30__100__1_0__4_0__0_01,MPC_1042576,HV,1,0.8915171191233909
MACO1__30__100__1_0__4_0__0_01,MPC_1042576,HV,2,0.8907280152472627
MACO1__30__100__1_0__4_0__0_1,MPC_1045862,HV,0,0.27182543715394136
MACO1__30__100__1_0__4_0__0_1,MPC_1045862,HV,1,0.2694029614927673
MACO1__30__100__1_0__4_0__0_1,MPC_1045862,HV,2,0.2593446759378998
MACO1__30__100__1_0__4_0__0_1,MPC_1005583,HV,0,0.03634427775119361
MACO1__30__100__1_0__4_0__0_1,MPC_1005583,HV,1,0.02455889340094039
MACO1__30__100__1_0__4_0__0_1,MPC_1005583,HV,2,0.024362160624556733
MACO1__30__100__1_0__4_0__0_1,MPC_1046202,HV,0,0.6770099638592713
MACO1__30__100__1_0__4_0__0_1,MPC_1046202,HV,1,0.6752193473144101
MACO1__30__100__1_0__4_0__0_1,MPC_1046202,HV,2,0.6708002324742752
MACO1__30__100__1_0__4_0__0_1,MPC_1046653,HV,0,0.6962471369344782
MACO1__30__100__1_0__4_0__0_1,MPC_1046653,HV,1,0.7029100939650402
MACO1__30__100__1_0__4_0__0_1,MPC_1046653,HV,2,0.7028110891858507
MACO1__30__100__1_0__4_0__0_1,MPC_1001485,HV,0,0.46178061550999916
MACO1__30__100__1_0__4_0__0_1,MPC_1001485,HV,1,0.43948179349719335
MACO1__30__100__1_0__4_0__0_1,MPC_1001485,HV,2,0.46370236184929187
MACO1__30__100__1_0__4_0__0_1,MPC_1042576,HV,0,0.8818821347731298
MACO1__30__100__1_0__4_0__0_1,MPC_1042576,HV,1,0.8848891696083884
MACO1__30__100__1_0__4_0__0_1,MPC_1042576,HV,2,0.8884132319990385
MACO2__10__100__1_0__2_0__0_01,MPC_1045862,HV,0,0.25966662497224363
MACO2__10__100__1_0__2_0__0_01,MPC_1045862,HV,1,0.24179436159823134
MACO2__10__100__1_0__2_0__0_01,MPC_1045862,HV,2,0.26410659179697477
MACO2__10__100__1_0__2_0__0_01,MPC_1005583,HV,0,0.025512214074370522
MACO2__10__100__1_0__2_0__0_01,MPC_1005583,HV,1,0.023457485155982526
MACO2__10__100__1_0__2_0__0_01,MPC_1005583,HV,2,0.028796194997250085
MACO2__10__100__1_0__2_0__0_01,MPC_1046202,HV,0,0.6655491384488662
MACO2__10__100__1_0__2_0__0_01,MPC_1046202,HV,1,0.677788564173082
MACO2__10__100__1_0__2_0__0_01,MPC_1046202,HV,2,0.6700566525483285
MACO2__10__100__1_0__2_0__0_01,MPC_1046653,HV,0,0.7024586847322877
MACO2__10__100__1_0__2_0__0_01,MPC_1046653,HV,1,0.7098701304178974
MACO2__10__100__1_0__2_0__0_01,MPC_1046653,HV,2,0.6902769701102003
MACO2__10__100__1_0__2_0__0_01,MPC_1001485,HV,0,0.4869811280186523
MACO2__10__100__1_0__2_0__0_01,MPC_1001485,HV,1,0.44087851715522786
MACO2__10__100__1_0__2_0__0_01,MPC_1001485,HV,2,0.4738250010042933
MACO2__10__100__1_0__2_0__0_01,MPC_1042576,HV,0,0.887219381578477
MACO2__10__100__1_0__2_0__0_01,MPC_1042576,HV,1,0.888686539901161
MACO2__10__100__1_0__2_0__0_01,MPC_1042576,HV,2,0.8744438580172674
MACO2__10__100__1_0__2_0__0_1,MPC_1045862,HV,0,0.2965824235636021
MACO2__10__100__1_0__2_0__0_1,MPC_1045862,HV,1,0.2607937965669949
MACO2__10__100__1_0__2_0__0_1,MPC_1045862,HV,2,0.23939082277101467
MACO2__10__100__1_0__2_0__0_1,MPC_1005583,HV,0,0.03095133732684449
MACO2__10__100__1_0__2_0__0_1,MPC_1005583,HV,1,0.027030808494940363
MACO2__10__100__1_0__2_0__0_1,MPC_1005583,HV,2,0.020897994324383204
MACO2__10__100__1_0__2_0__0_1,MPC_1046202,HV,0,0.6754469096981054
MACO2__10__100__1_0__2_0__0_1,MPC_1046202,HV,1,0.6666748551551537
MACO2__10__100__1_0__2_0__0_1,MPC_1046202,HV,2,0.6612608352068
MACO2__10__100__1_0__2_0__0_1,MPC_1046653,HV,0,0.694560014501021
MACO2__10__100__1_0__2_0__0_1,MPC_1046653,HV,1,0.69984957718668
MACO2__10__100__1_0__2_0__0_1,MPC_1046653,HV,2,0.6973175449340278
MACO2__10__100__1_0__2_0__0_1,MPC_1001485,HV,0,0.4476307932609907
MACO2__10__100__1_0__2_0__0_1,MPC_1001485,HV,1,0.5054205357499317
MACO2__10__100__1_0__2_0__0_1,MPC_1001485,HV,2,0.4701161444991494
MACO2__10__100__1_0__2_0__0_1,MPC_1042576,HV,0,0.8875056944442137
MACO2__10__100__1_0__2_0__0_1,MPC_1042576,HV,1,0.8782316319476705
MACO2__10__100__1_0__2_0__0_1,MPC_1042576,HV,2,0.8800714810349041
MACO2__10__100__1_0__4_0__0_01,MPC_1045862,HV,0,0.2500408942371314
MACO2__10__100__1_0__4_0__0_01,MPC_1045862,HV,1,0.2565646469600904
MACO2__10__100__1_0__4_0__0_01,MPC_1045862,HV,2,0.26330454153039073
MACO2__10__100__1_0__4_0__0_01,MPC_1005583,HV,0,0.01488761005079688
MACO2__10__100__1_0__4_0__0_01,MPC_1005583,HV,1,0.020509456852286834
MACO2__10__100__1_0__4_0__0_01,MPC_1005583,HV,2,0.019158110826819886
MACO2__10__100__1_0__4_0__0_01,MPC_1046202,HV,0,0.6627694074811262
MACO2__10__100__1_0__4_0__0_01,MPC_1046202,HV,1,0.6641370703500562
MACO2__10__100__1_0__4_0__0_01,MPC_1046202,HV,2,0.6569088614025825
MACO2__10__100__1_0__4_0__0_01,MPC_1046653,HV,0,0.6959968978762241
MACO2__10__100__1_0__4_0__0_01,MPC_1046653,HV,1,0.6989317348987113
MACO2__10__100__1_0__4_0__0_01,MPC_1046653,HV,2,0.6967111796781561
MACO2__10__100__1_0__4_0__0_01,MPC_1001485,HV,0,0.4467964764605038
MACO2__10__100__1_0__4_0__0_01,MPC_1001485,HV,1,0.476899208030517
MACO2__10__100__1_0__4_0__0_01,MPC_1001485,HV,2,0.42796883388863277
MACO2__10__100__1_0__4_0__0_01,MPC_1042576,HV,0,0.8884814394387587
MACO2__10__100__1_0__4_0__0_01,MPC_1042576,HV,1,0.895482022076115
MACO2__10__100__1_0__4_0__0_01,MPC_1042576,HV,2,0.8803588782011413
MACO2__10__100__1_0__4_0__0_1,MPC_1045862,HV,0,0.24615930768337937
MACO2__10__100__1_0__4_0__0_1,MPC_1045862,HV,1,0.23156109296013058
MACO2__10__100__1_0__4_0__0_1,MPC_1045862,HV,2,0.2631324822397386
MACO2__10__100__1_0__4_0__0_1,MPC_1005583,HV,0,0.018701877878134557
MACO2__10__100__1_0__4_0__0_1,MPC_1005583,HV,1,0.03973132218530361
MACO2__10__100__1_0__4_0__0_1,MPC_1005583,HV,2,0.01856033930882074
MACO2__10__100__1_0__4_0__0_1,MPC_1046202,HV,0,0.6585639766569276
MACO2__10__100__1_0__4_0__0_1,MPC_1046202,HV,1,0.6856070581013849
MACO2__10__100__1_0__4_0__0_1,MPC_1046202,HV,2,0.6672766382746266
MACO2__10__100__1_0__4_0__0_1,MPC_1046653,HV,0,0.7088326061704895
MACO2__10__100__1_0__4_0__0_1,MPC_1046653,HV,1,0.7170586413498274
MACO2__10__100__1_0__4_0__0_1,MPC_1046653,HV,2,0.6918770467097133
MACO2__10__100__1_0__4_0__0_1,MPC_1001485,HV,0,0.4653091538997837
MACO2__10__100__1_0__4_0__0_1,MPC_1001485,HV,1,0.4434354631466618
MACO2__10__100__1_0__4_0__0_1,MPC_1001485,HV,2,0.515725127335491
MACO2__10__100__1_0__4_0__0_1,MPC_1042576,HV,0,0.8815613308323151
MACO2__10__100__1_0__4_0__0_1,MPC_1042576,HV,1,0.8926022671256942
MACO2__10__100__1_0__4_0__0_1,MPC_1042576,HV,2,0.8786479977303706
MACO3__10__300__1_0__2_0__0_01,MPC_1045862,HV,0,0.23687973496695242
MACO3__10__300__1_0__2_0__0_01,MPC_1045862,HV,1,0.2642930747484777
MACO3__10__300__1_0__2_0__0_01,MPC_1045862,HV,2,0.24528803694646312
MACO3__10__300__1_0__2_0__0_01,MPC_1005583,HV,0,0.0010854205136434157
MACO3__10__300__1_0__2_0__0_01,MPC_1005583,HV,1,0.0013630828923199385
MACO3__10__300__1_0__2_0__0_01,MPC_1005583,HV,2,0.0013344393103478607
MACO3__10__300__1_0__2_0__0_01,MPC_1046202,HV,0,0.5316637265455935
MACO3__10__300__1_0__2_0__0_01,MPC_1046202,HV,1,0.5302616151547095
MACO3__10__300__1_0__2_0__0_01,MPC_1046202,HV,2,0.5311628941468204
MACO3__10__300__1_0__2_0__0_01,MPC_1046653,HV,0,0.6196263783863454
MACO3__10__300__1_0__2_0__0_01,MPC_1046653,HV,1,0.6091906651402021
MACO3__10__300__1_0__2_0__0_01,MPC_1046653,HV,2,0.6187863670504331
MACO3__10__300__1_0__2_0__0_01,MPC_1001485,HV,0,0.4224057957064263
MACO3__10__300__1_0__2_0__0_01,MPC_1001485,HV,1,0.45223164640678004
MACO3__10__300__1_0__2_0__0_01,MPC_1001485,HV,2,0.4228705633737239
MACO3__10__300__1_0__2_0__0_01,MPC_1042576,HV,0,0.8226037669900046
MACO3__10__300__1_0__2_0__0_01,MPC_1042576,HV,1,0.8080151362640569
MACO3__10__300__1_0__2_0__0_01,MPC_1042576,HV,2,0.8336307782464949
MACO3__10__300__1_0__2_0__0_1,MPC_1045862,HV,0,0.25690224989464994
MACO3__10__300__1_0__2_0__0_1,MPC_1045862,HV,1,0.2617657027034838
MACO3__10__300__1_0__2_0__0_1,MPC_1045862,HV,2,0.24814937278880855
MACO3__10__300__1_0__2_0__0_1,MPC_1005583,HV,0,6.890940299889459E-4
MACO3__10__300__1_0__2_0__0_1,MPC_1005583,HV,1,0.0
MACO3__10__300__1_0__2_0__0_1,MPC_1005583,HV,2,1.234151147799164E-4
MACO3__10__300__1_0__2_0__0_1,MPC_1046202,HV,0,0.5299832770104521
MACO3__10__300__1_0__2_0__0_1,MPC_1046202,HV,1,0.5319385545145452
MACO3__10__300__1_0__2_0__0_1,MPC_1046202,HV,2,0.54408262890401
MACO3__10__300__1_0__2_0__0_1,MPC_1046653,HV,0,0.6167215009046114
MACO3__10__300__1_0__2_0__0_1,MPC_1046653,HV,1,0.614278624395736
MACO3__10__300__1_0__2_0__0_1,MPC_1046653,HV,2,0.6190970681935739
MACO3__10__300__1_0__2_0__0_1,MPC_1001485,HV,0,0.4408818317091674
MACO3__10__300__1_0__2_0__0_1,MPC_1001485,HV,1,0.469222848825701
MACO3__10__300__1_0__2_0__0_1,MPC_1001485,HV,2,0.42064154623757594
MACO3__10__300__1_0__2_0__0_1,MPC_1042576,HV,0,0.813925680760305
MACO3__10__300__1_0__2_0__0_1,MPC_1042576,HV,1,0.8213105777034329
MACO3__10__300__1_0__2_0__0_1,MPC_1042576,HV,2,0.807742014334028
MACO3__10__300__1_0__4_0__0_01,MPC_1045862,HV,0,0.26268718048039086
MACO3__10__300__1_0__4_0__0_01,MPC_1045862,HV,1,0.21948183036692923
MACO3__10__300__1_0__4_0__0_01,MPC_1045862,HV,2,0.23496242705036302
MACO3__10__300__1_0__4_0__0_01,MPC_1005583,HV,0,0.0
MACO3__10__300__1_0__4_0__0_01,MPC_1005583,HV,1,0.0
MACO3__10__300__1_0__4_0__0_01,MPC_1005583,HV,2,0.0
MACO3__10__300__1_0__4_0__0_01,MPC_1046202,HV,0,0.4966417532027723
MACO3__10__300__1_0__4_0__0_01,MPC_1046202,HV,1,0.5017055485920439
MACO3__10__300__1_0__4_0__0_01,MPC_1046202,HV,2,0.494587739213475
MACO3__10__300__1_0__4_0__0_01,MPC_1046653,HV,0,0.5811840238930799
MACO3__10__300__1_0__4_0__0_01,MPC_1046653,HV,1,0.5882764212296614
MACO3__10__300__1_0__4_0__0_01,MPC_1046653,HV,2,0.5839831545991103
MACO3__10__300__1_0__4_0__0_01,MPC_1001485,HV,0,0.37866878061481013
MACO3__10__300__1_0__4_0__0_01,MPC_1001485,HV,1,0.4297116975341536
MACO3__10__300__1_0__4_0__0_01,MPC_1001485,HV,2,0.3927612876310783
MACO3__10__300__1_0__4_0__0_01,MPC_1042576,HV,0,0.7651418590876957
MACO3__10__300__1_0__4_0__0_01,MPC_1042576,HV,1,0.7682131296888703
MACO3__10__300__1_0__4_0__0_01,MPC_1042576,HV,2,0.7681119656850779
MACO3__10__300__1_0__4_0__0_1,MPC_1045862,HV,0,0.22164928734841283
MACO3__10__300__1_0__4_0__0_1,MPC_1045862,HV,1,0.2283607325208483
MACO3__10__300__1_0__4_0__0_1,MPC_1045862,HV,2,0.23673023977208385
MACO3__10__300__1_0__4_0__0_1,MPC_1005583,HV,0,0.0
MACO3__10__300__1_0__4_0__0_1,MPC_1005583,HV,1,0.0
MACO3__10__300__1_0__4_0__0_1,MPC_1005583,HV,2,0.0
MACO3__10__300__1_0__4_0__0_1,MPC_1046202,HV,0,0.4958068596861275
MACO3__10__300__1_0__4_0__0_1,MPC_1046202,HV,1,0.488517846083563
MACO3__10__300__1_0__4_0__0_1,MPC_1046202,HV,2,0.49923328873470346
MACO3__10__300__1_0__4_0__0_1,MPC_1046653,HV,0,0.577375925415663
MACO3__10__300__1_0__4_0__0_1,MPC_1046653,HV,1,0.5819167137716504
MACO3__10__300__1_0__4_0__0_1,MPC_1046653,HV,2,0.5846528323840804
MACO3__10__300__1_0__4_0__0_1,MPC_1001485,HV,0,0.38910422212891344
MACO3__10__300__1_0__4_0__0_1,MPC_1001485,HV,1,0.3741552860526383
MACO3__10__300__1_0__4_0__0_1,MPC_1001485,HV,2,0.41730732019467115
MACO3__10__300__1_0__4_0__0_1,MPC_1042576,HV,0,0.7801683425343295
MACO3__10__300__1_0__4_0__0_1,MPC_1042576,HV,1,0.7587881334580395
MACO3__10__300__1_0__4_0__0_1,MPC_1042576,HV,2,0.7766387295648428
MACO4__100__500__1_0__2_0__0_01,MPC_1045862,HV,0,0.2903521338729994
MACO4__100__500__1_0__2_0__0_01,MPC_1045862,HV,1,0.27566147230634913
MACO4__100__500__1_0__2_0__0_01,MPC_1045862,HV,2,0.271875329024437
MACO4__100__500__1_0__2_0__0_01,MPC_1005583,HV,0,0.005001139631777833
MACO4__100__500__1_0__2_0__0_01,MPC_1005583,HV,1,0.004679950868963522
MACO4__100__500__1_0__2_0__0_01,MPC_1005583,HV,2,0.008184665129918098
MACO4__100__500__1_0__2_0__0_01,MPC_1046202,HV,0,0.5649757597103114
MACO4__100__500__1_0__2_0__0_01,MPC_1046202,HV,1,0.561481041026331
MACO4__100__500__1_0__2_0__0_01,MPC_1046202,HV,2,0.5615669730524492
MACO4__100__500__1_0__2_0__0_01,MPC_1046653,HV,0,0.6500703831853004
MACO4__100__500__1_0__2_0__0_01,MPC_1046653,HV,1,0.6446492483440848
MACO4__100__500__1_0__2_0__0_01,MPC_1046653,HV,2,0.637485322344711
MACO4__100__500__1_0__2_0__0_01,MPC_1001485,HV,0,0.44340700910690833
MACO4__100__500__1_0__2_0__0_01,MPC_1001485,HV,1,0.4606729653790239
MACO4__100__500__1_0__2_0__0_01,MPC_1001485,HV,2,0.44751238116909886
MACO4__100__500__1_0__2_0__0_01,MPC_1042576,HV,0,0.8548526549538773
MACO4__100__500__1_0__2_0__0_01,MPC_1042576,HV,1,0.8423757745878105
MACO4__100__500__1_0__2_0__0_01,MPC_1042576,HV,2,0.8389529063369947
MACO4__100__500__1_0__2_0__0_1,MPC_1045862,HV,0,0.29201503204395274
MACO4__100__500__1_0__2_0__0_1,MPC_1045862,HV,1,0.28954575300461816
MACO4__100__500__1_0__2_0__0_1,MPC_1045862,HV,2,0.289703023540334
MACO4__100__500__1_0__2_0__0_1,MPC_1005583,HV,0,0.01100660351192225
MACO4__100__500__1_0__2_0__0_1,MPC_1005583,HV,1,0.01211639935360144
MACO4__100__500__1_0__2_0__0_1,MPC_1005583,HV,2,0.018530403743527876
MACO4__100__500__1_0__2_0__0_1,MPC_1046202,HV,0,0.6098671913355628
MACO4__100__500__1_0__2_0__0_1,MPC_1046202,HV,1,0.6087080310056248
MACO4__100__500__1_0__2_0__0_1,MPC_1046202,HV,2,0.6005478255880653
MACO4__100__500__1_0__2_0__0_1,MPC_1046653,HV,0,0.6860835357863008
MACO4__100__500__1_0__2_0__0_1,MPC_1046653,HV,1,0.6697321248684316
MACO4__100__500__1_0__2_0__0_1,MPC_1046653,HV,2,0.6757360002549427
MACO4__100__500__1_0__2_0__0_1,MPC_1001485,HV,0,0.4464463313296921
MACO4__100__500__1_0__2_0__0_1,MPC_1001485,HV,1,0.45062489593672034
MACO4__100__500__1_0__2_0__0_1,MPC_1001485,HV,2,0.4684371145366038
MACO4__100__500__1_0__2_0__0_1,MPC_1042576,HV,0,0.8457356134901711
MACO4__100__500__1_0__2_0__0_1,MPC_1042576,HV,1,0.8552345788861051
MACO4__100__500__1_0__2_0__0_1,MPC_1042576,HV,2,0.8434802722740512
MACO4__100__500__1_0__4_0__0_01,MPC_1045862,HV,0,0.2560869378690208
MACO4__100__500__1_0__4_0__0_01,MPC_1045862,HV,1,0.24617380308777342
MACO4__100__500__1_0__4_0__0_01,MPC_1045862,HV,2,0.25723698947112195
MACO4__100__500__1_0__4_0__0_01,MPC_1005583,HV,0,7.682078211589414E-5
MACO4__100__500__1_0__4_0__0_01,MPC_1005583,HV,1,3.2281798549052554E-4
MACO4__100__500__1_0__4_0__0_01,MPC_1005583,HV,2,0.0016637543193707394
MACO4__100__500__1_0__4_0__0_01,MPC_1046202,HV,0,0.5525132085854654
MACO4__100__500__1_0__4_0__0_01,MPC_1046202,HV,1,0.5464070630822894
MACO4__100__500__1_0__4_0__0_01,MPC_1046202,HV,2,0.5503366331259082
MACO4__100__500__1_0__4_0__0_01,MPC_1046653,HV,0,0.6388047659314606
MACO4__100__500__1_0__4_0__0_01,MPC_1046653,HV,1,0.626969743542352
MACO4__100__500__1_0__4_0__0_01,MPC_1046653,HV,2,0.6373417977182084
MACO4__100__500__1_0__4_0__0_01,MPC_1001485,HV,0,0.41366218092044393
MACO4__100__500__1_0__4_0__0_01,MPC_1001485,HV,1,0.4341612381623693
MACO4__100__500__1_0__4_0__0_01,MPC_1001485,HV,2,0.4230170702357249
MACO4__100__500__1_0__4_0__0_01,MPC_1042576,HV,0,0.8340220674753681
MACO4__100__500__1_0__4_0__0_01,MPC_1042576,HV,1,0.8479214607592331
MACO4__100__500__1_0__4_0__0_01,MPC_1042576,HV,2,0.8580959838466325
MACO4__100__500__1_0__4_0__0_1,MPC_1045862,HV,0,0.25194280539118435
MACO4__100__500__1_0__4_0__0_1,MPC_1045862,HV,1,0.2767447456085699
MACO4__100__500__1_0__4_0__0_1,MPC_1045862,HV,2,0.25421677481795196
MACO4__100__500__1_0__4_0__0_1,MPC_1005583,HV,0,0.0044580462865697916
MACO4__100__500__1_0__4_0__0_1,MPC_1005583,HV,1,0.002970536625451567
MACO4__100__500__1_0__4_0__0_1,MPC_1005583,HV,2,0.003774314555763711
MACO4__100__500__1_0__4_0__0_1,MPC_1046202,HV,0,0.5790184918587798
MACO4__100__500__1_0__4_0__0_1,MPC_1046202,HV,1,0.5948806429767487
MACO4__100__500__1_0__4_0__0_1,MPC_1046202,HV,2,0.5876639678813239
MACO4__100__500__1_0__4_0__0_1,MPC_1046653,HV,0,0.6579737272945351
MACO4__100__500__1_0__4_0__0_1,MPC_1046653,HV,1,0.6699534111028776
MACO4__100__500__1_0__4_0__0_1,MPC_1046653,HV,2,0.6775138919680933
MACO4__100__500__1_0__4_0__0_1,MPC_1001485,HV,0,0.4244068979029323
MACO4__100__500__1_0__4_0__0_1,MPC_1001485,HV,1,0.4393491057258779
MACO4__100__500__1_0__4_0__0_1,MPC_1001485,HV,2,0.42485216537276643
MACO4__100__500__1_0__4_0__0_1,MPC_1042576,HV,0,0.8392375260669154
MACO4__100__500__1_0__4_0__0_1,MPC_1042576,HV,1,0.8361441176519723
MACO4__100__500__1_0__4_0__0_1,MPC_1042576,HV,2,0.8516333719406038
NOOP__50,MPC_1045862,EP,0,0.7551943155300578
NOOP__50,MPC_1045862,EP,1,0.7293794455864289
NOOP__50,MPC_1045862,EP,2,0.80805401122471
NOOP__50,MPC_1005583,EP,0,0.8768988516479304
NOOP__50,MPC_1005583,EP,1,0.8884169045982354
NOOP__50,MPC_1005583,EP,2,0.8370972418465314
NOOP__50,MPC_1046202,EP,0,0.2726567020800628
NOOP__50,MPC_1046202,EP,1,0.2656145313133201
NOOP__50,MPC_1046202,EP,2,0.25739033832613567
NOOP__50,MPC_1046653,EP,0,0.2763628820045175
NOOP__50,MPC_1046653,EP,1,0.2761894073643605
NOOP__50,MPC_1046653,EP,2,0.25735710179049537
NOOP__50,MPC_1001485,EP,0,0.5708890609545116
NOOP__50,MPC_1001485,EP,1,0.5816274044556031
NOOP__50,MPC_1001485,EP,2,0.5889025091898297
NOOP__50,MPC_1042576,EP,0,0.10854270252553823
NOOP__50,MPC_1042576,EP,1,0.1302271069006806
NOOP__50,MPC_1042576,EP,2,0.1059587562074612
NSGAII__100__25000__0_85__0_005,MPC_1045862,EP,0,0.47508255540609307
NSGAII__100__25000__0_85__0_005,MPC_1045862,EP,1,0.4725024624287102
NSGAII__100__25000__0_85__0_005,MPC_1045862,EP,2,0.49344943591979623
NSGAII__100__25000__0_85__0_005,MPC_1005583,EP,0,0.6222900460434968
NSGAII__100__25000__0_85__0_005,MPC_1005583,EP,1,0.6159522584026019
NSGAII__100__25000__0_85__0_005,MPC_1005583,EP,2,0.6118871471771669
NSGAII__100__25000__0_85__0_005,MPC_1046202,EP,0,0.19897644184357657
NSGAII__100__25000__0_85__0_005,MPC_1046202,EP,1,0.1952514359246009
NSGAII__100__25000__0_85__0_005,MPC_1046202,EP,2,0.19288085855745388
NSGAII__100__25000__0_85__0_005,MPC_1046653,EP,0,0.0970262830763163
NSGAII__100__25000__0_85__0_005,MPC_1046653,EP,1,0.10280099721094968
NSGAII__100__25000__0_85__0_005,MPC_1046653,EP,2,0.10495586823906909
NSGAII__100__25000__0_85__0_005,MPC_1001485,EP,0,0.28838485990420853
NSGAII__100__25000__0_85__0_005,MPC_1001485,EP,1,0.2982481679510952
NSGAII__100__25000__0_85__0_005,MPC_1001485,EP,2,0.29282353157382024
NSGAII__100__25000__0_85__0_005,MPC_1042576,EP,0,0.027631728910912926
NSGAII__100__25000__0_85__0_005,MPC_1042576,EP,1,0.028523381100401445
NSGAII__100__25000__0_85__0_005,MPC_1042576,EP,2,0.0271998820180534
NSGAII__100__25000__0_85__0_01,MPC_1045862,EP,0,0.5155977604352647
NSGAII__100__25000__0_85__0_01,MPC_1045862,EP,1,0.47201692393613703
NSGAII__100__25000__0_85__0_01,MPC_1045862,EP,2,0.4556472789103462
NSGAII__100__25000__0_85__0_01,MPC_1005583,EP,0,0.6110373447174766
NSGAII__100__25000__0_85__0_01,MPC_1005583,EP,1,0.6155339252850672
NSGAII__100__25000__0_85__0_01,MPC_1005583,EP,2,0.6376777024513078
NSGAII__100__25000__0_85__0_01,MPC_1046202,EP,0,0.1838712573579113
NSGAII__100__25000__0_85__0_01,MPC_1046202,EP,1,0.19461989267186325
NSGAII__100__25000__0_85__0_01,MPC_1046202,EP,2,0.20285262515692049
NSGAII__100__25000__0_85__0_01,MPC_1046653,EP,0,0.08478744496885289
NSGAII__100__25000__0_85__0_01,MPC_1046653,EP,1,0.11479723514964536
NSGAII__100__25000__0_85__0_01,MPC_1046653,EP,2,0.10580653254893385
NSGAII__100__25000__0_85__0_01,MPC_1001485,EP,0,0.28029625570420136
NSGAII__100__25000__0_85__0_01,MPC_1001485,EP,1,0.26583204544425554
NSGAII__100__25000__0_85__0_01,MPC_1001485,EP,2,0.25823247405535993
NSGAII__100__25000__0_85__0_01,MPC_1042576,EP,0,0.026897949153554326
NSGAII__100__25000__0_85__0_01,MPC_1042576,EP,1,0.026597677358619544
NSGAII__100__25000__0_85__0_01,MPC_1042576,EP,2,0.0288386570114657
NSGAII__100__25000__0_85__0_015,MPC_1045862,EP,0,0.4692043442114986
NSGAII__100__25000__0_85__0_015,MPC_1045862,EP,1,0.4896677443871794
NSGAII__100__25000__0_85__0_015,MPC_1045862,EP,2,0.4614615610205318
NSGAII__100__25000__0_85__0_015,MPC_1005583,EP,0,0.6196578912051302
NSGAII__100__25000__0_85__0_015,MPC_1005583,EP,1,0.656911247294279
NSGAII__100__25000__0_85__0_015,MPC_1005583,EP,2,0.6227876329324759
NSGAII__100__25000__0_85__0_015,MPC_1046202,EP,0,0.19118354938210014
NSGAII__100__25000__0_85__0_015,MPC_1046202,EP,1,0.19622435140688832
NSGAII__100__25000__0_85__0_015,MPC_1046202,EP,2,0.19080888951779992
NSGAII__100__25000__0_85__0_015,MPC_1046653,EP,0,0.0846010691173487
NSGAII__100__25000__0_85__0_015,MPC_1046653,EP,1,0.10390302060324434
NSGAII__100__25000__0_85__0_015,MPC_1046653,EP,2,0.10064547861415696
NSGAII__100__25000__0_85__0_015,MPC_1001485,EP,0,0.25376663186141646
NSGAII__100__25000__0_85__0_015,MPC_1001485,EP,1,0.28679487490103
NSGAII__100__25000__0_85__0_015,MPC_1001485,EP,2,0.29055994373623184
NSGAII__100__25000__0_85__0_015,MPC_1042576,EP,0,0.026928895886574572
NSGAII__100__25000__0_85__0_015,MPC_1042576,EP,1,0.027834628235371806
NSGAII__100__25000__0_85__0_015,MPC_1042576,EP,2,0.027876803869117936
NSGAII__100__25000__0_9__0_005,MPC_1045862,EP,0,0.4966021875964795
NSGAII__100__25000__0_9__0_005,MPC_1045862,EP,1,0.46255482149764815
NSGAII__100__25000__0_9__0_005,MPC_1045862,EP,2,0.4840036902263492
NSGAII__100__25000__0_9__0_005,MPC_1005583,EP,0,0.6153820025603911
NSGAII__100__25000__0_9__0_005,MPC_1005583,EP,1,0.6125611881788754
NSGAII__100__25000__0_9__0_005,MPC_1005583,EP,2,0.6159222228364443
NSGAII__100__25000__0_9__0_005,MPC_1046202,EP,0,0.1886082970718193
NSGAII__100__25000__0_9__0_005,MPC_1046202,EP,1,0.18985344661013737
NSGAII__100__25000__0_9__0_005,MPC_1046202,EP,2,0.19456999697829402
NSGAII__100__25000__0_9__0_005,MPC_1046653,EP,0,0.09928492337713514
NSGAII__100__25000__0_9__0_005,MPC_1046653,EP,1,0.11359168895822051
NSGAII__100__25000__0_9__0_005,MPC_1046653,EP,2,0.09854427721579191
NSGAII__100__25000__0_9__0_005,MPC_1001485,EP,0,0.2773091171080134
NSGAII__100__25000__0_9__0_005,MPC_1001485,EP,1,0.2699920304991721
NSGAII__100__25000__0_9__0_005,MPC_1001485,EP,2,0.29313003159504775
NSGAII__100__25000__0_9__0_005,MPC_1042576,EP,0,0.028309698248575463
NSGAII__100__25000__0_9__0_005,MPC_1042576,EP,1,0.028398538118469492
NSGAII__100__25000__0_9__0_005,MPC_1042576,EP,2,0.02782292236754658
NSGAII__100__25000__0_9__0_01,MPC_1045862,EP,0,0.46432748941201685
NSGAII__100__25000__0_9__0_01,MPC_1045862,EP,1,0.5039901212878354
NSGAII__100__25000__0_9__0_01,MPC_1045862,EP,2,0.46765726100332944
NSGAII__100__25000__0_9__0_01,MPC_1005583,EP,0,0.6374291746305792
NSGAII__100__25000__0_9__0_01,MPC_1005583,EP,1,0.618770763755789
NSGAII__100__25000__0_9__0_01,MPC_1005583,EP,2,0.6398233903369475
NSGAII__100__25000__0_9__0_01,MPC_1046202,EP,0,0.19270184051630934
NSGAII__100__25000__0_9__0_01,MPC_1046202,EP,1,0.19337680399653814
NSGAII__100__25000__0_9__0_01,MPC_1046202,EP,2,0.18465934766575962
NSGAII__100__25000__0_9__0_01,MPC_1046653,EP,0,0.10459007432868589
NSGAII__100__25000__0_9__0_01,MPC_1046653,EP,1,0.103257573574624
NSGAII__100__25000__0_9__0_01,MPC_1046653,EP,2,0.0859650675198873
NSGAII__100__25000__0_9__0_01,MPC_1001485,EP,0,0.26817758835229505
NSGAII__100__25000__0_9__0_01,MPC_1001485,EP,1,0.2624355543495411
NSGAII__100__25000__0_9__0_01,MPC_1001485,EP,2,0.2854572485377893
NSGAII__100__25000__0_9__0_01,MPC_1042576,EP,0,0.026941819662364048
NSGAII__100__25000__0_9__0_01,MPC_1042576,EP,1,0.027383136639887815
NSGAII__100__25000__0_9__0_01,MPC_1042576,EP,2,0.028602733008265283
NSGAII__100__25000__0_9__0_015,MPC_1045862,EP,0,0.4784018266486419
NSGAII__100__25000__0_9__0_015,MPC_1045862,EP,1,0.5008702750116487
NSGAII__100__25000__0_9__0_015,MPC_1045862,EP,2,0.4924098504662945
NSGAII__100__25000__0_9__0_015,MPC_1005583,EP,0,0.6016899720066288
NSGAII__100__25000__0_9__0_015,MPC_1005583,EP,1,0.6007988364894413
NSGAII__100__25000__0_9__0_015,MPC_1005583,EP,2,0.626682307930638
NSGAII__100__25000__0_9__0_015,MPC_1046202,EP,0,0.18752084653747567
NSGAII__100__25000__0_9__0_015,MPC_1046202,EP,1,0.19337041515256037
NSGAII__100__25000__0_9__0_015,MPC_1046202,EP,2,0.18811063420134222
NSGAII__100__25000__0_9__0_015,MPC_1046653,EP,0,0.09763138637191672
NSGAII__100__25000__0_9__0_015,MPC_1046653,EP,1,0.10981550137783301
NSGAII__100__25000__0_9__0_015,MPC_1046653,EP,2,0.10881243677505323
NSGAII__100__25000__0_9__0_015,MPC_1001485,EP,0,0.2704922421230367
NSGAII__100__25000__0_9__0_015,MPC_1001485,EP,1,0.29573739390937626
NSGAII__100__25000__0_9__0_015,MPC_1001485,EP,2,0.25643855402705124
NSGAII__100__25000__0_9__0_015,MPC_1042576,EP,0,0.028196364008715644
NSGAII__100__25000__0_9__0_015,MPC_1042576,EP,1,0.028072901664561882
NSGAII__100__25000__0_9__0_015,MPC_1042576,EP,2,0.026473944938420858
NSGAII__100__25000__0_95__0_005,MPC_1045862,EP,0,0.4931703665244744
NSGAII__100__25000__0_95__0_005,MPC_1045862,EP,1,0.471719764745804
NSGAII__100__25000__0_95__0_005,MPC_1045862,EP,2,0.4359992090454346
NSGAII__100__25000__0_95__0_005,MPC_1005583,EP,0,0.6370764273801098
NSGAII__100__25000__0_95__0_005,MPC_1005583,EP,1,0.6266142733664147
NSGAII__100__25000__0_95__0_005,MPC_1005583,EP,2,0.645903535100978
NSGAII__100__25000__0_95__0_005,MPC_1046202,EP,0,0.18928277028708085
NSGAII__100__25000__0_95__0_005,MPC_1046202,EP,1,0.19305994152806
NSGAII__100__25000__0_95__0_005,MPC_1046202,EP,2,0.18804909909174464
NSGAII__100__25000__0_95__0_005,MPC_1046653,EP,0,0.08753691660761868
NSGAII__100__25000__0_95__0_005,MPC_1046653,EP,1,0.09825597299482672
NSGAII__100__25000__0_95__0_005,MPC_1046653,EP,2,0.0899616677528646
NSGAII__100__25000__0_95__0_005,MPC_1001485,EP,0,0.27766215183512155
NSGAII__100__25000__0_95__0_005,MPC_1001485,EP,1,0.25889085378074056
NSGAII__100__25000__0_95__0_005,MPC_1001485,EP,2,0.282413108880672
NSGAII__100__25000__0_95__0_005,MPC_1042576,EP,0,0.027286948164128695
NSGAII__100__25000__0_95__0_005,MPC_1042576,EP,1,0.03013171942783384
NSGAII__100__25000__0_95__0_005,MPC_1042576,EP,2,0.02592835342751194
NSGAII__100__25000__0_95__0_01,MPC_1045862,EP,0,0.4565424945896845
NSGAII__100__25000__0_95__0_01,MPC_1045862,EP,1,0.48903406437677904
NSGAII__100__25000__0_95__0_01,MPC_1045862,EP,2,0.4538641732969358
NSGAII__100__25000__0_95__0_01,MPC_1005583,EP,0,0.6216884287285946
NSGAII__100__25000__0_95__0_01,MPC_1005583,EP,1,0.6119152802152203
NSGAII__100__25000__0_95__0_01,MPC_1005583,EP,2,0.6164100120099256
NSGAII__100__25000__0_95__0_01,MPC_1046202,EP,0,0.18842117281491327
NSGAII__100__25000__0_95__0_01,MPC_1046202,EP,1,0.19312570652581065
NSGAII__100__25000__0_95__0_01,MPC_1046202,EP,2,0.19349512907337607
NSGAII__100__25000__0_95__0_01,MPC_1046653,EP,0,0.10384262376751584
NSGAII__100__25000__0_95__0_01,MPC_1046653,EP,1,0.10542939217977469
NSGAII__100__25000__0_95__0_01,MPC_1046653,EP,2,0.1022220785193056
NSGAII__100__25000__0_95__0_01,MPC_1001485,EP,0,0.2702548048599079
NSGAII__100__25000__0_95__0_01,MPC_1001485,EP,1,0.26590943799237865
NSGAII__100__25000__0_95__0_01,MPC_1001485,EP,2,0.27824158980000446
NSGAII__100__25000__0_95__0_01,MPC_1042576,EP,0,0.030187026864883296
NSGAII__100__25000__0_95__0_01,MPC_1042576,EP,1,0.027442684596938195
NSGAII__100__25000__0_95__0_01,MPC_1042576,EP,2,0.028695810722707278
NSGAII__100__25000__0_95__0_015,MPC_1045862,EP,0,0.4773385525102351
NSGAII__100__25000__0_95__0_015,MPC_1045862,EP,1,0.4795109571551934
NSGAII__100__25000__0_95__0_015,MPC_1045862,EP,2,0.4765321688446034
NSGAII__100__25000__0_95__0_015,MPC_1005583,EP,0,0.5868697936818698
NSGAII__100__25000__0_95__0_015,MPC_1005583,EP,1,0.5820568596359609
NSGAII__100__25000__0_95__0_015,MPC_1005583,EP,2,0.623529807106165
NSGAII__100__25000__0_95__0_015,MPC_1046202,EP,0,0.180466861964084
NSGAII__100__25000__0_95__0_015,MPC_1046202,EP,1,0.17935253279110588
NSGAII__100__25000__0_95__0_015,MPC_1046202,EP,2,0.18945551160415589
NSGAII__100__25000__0_95__0_015,MPC_1046653,EP,0,0.08939920408509607
NSGAII__100__25000__0_95__0_015,MPC_1046653,EP,1,0.08749094429069916
NSGAII__100__25000__0_95__0_015,MPC_1046653,EP,2,0.10193417435993449
NSGAII__100__25000__0_95__0_015,MPC_1001485,EP,0,0.2622798636317382
NSGAII__100__25000__0_95__0_015,MPC_1001485,EP,1,0.2656082640270472
NSGAII__100__25000__0_95__0_015,MPC_1001485,EP,2,0.2868280432803962
NSGAII__100__25000__0_95__0_015,MPC_1042576,EP,0,0.026973892321736505
NSGAII__100__25000__0_95__0_015,MPC_1042576,EP,1,0.029400130555713354
NSGAII__100__25000__0_95__0_015,MPC_1042576,EP,2,0.028296004553442777
SMSEMOA__100__25000__0_85__0_005,MPC_1045862,EP,0,0.4699281654881712
SMSEMOA__100__25000__0_85__0_005,MPC_1045862,EP,1,0.46949190486527986
SMSEMOA__100__25000__0_85__0_005,MPC_1045862,EP,2,0.4960421992561593
SMSEMOA__100__25000__0_85__0_005,MPC_1005583,EP,0,0.6688789980284029
SMSEMOA__100__25000__0_85__0_005,MPC_1005583,EP,1,0.6234498298746358
SMSEMOA__100__25000__0_85__0_005,MPC_1005583,EP,2,0.6329195300863063
SMSEMOA__100__25000__0_85__0_005,MPC_1046202,EP,0,0.21352643718707995
SMSEMOA__100__25000__0_85__0_005,MPC_1046202,EP,1,0.19869462066889573
SMSEMOA__100__25000__0_85__0_005,MPC_1046202,EP,2,0.21352643718707995
SMSEMOA__100__25000__0_85__0_005,MPC_1046653,EP,0,0.09018751831045449
SMSEMOA__100__25000__0_85__0_005,MPC_1046653,EP,1,0.1150699669260622
SMSEMOA__100__25000__0_85__0_005,MPC_1046653,EP,2,0.09395009996099812
SMSEMOA__100__25000__0_85__0_005,MPC_1001485,EP,0,0.291419756180235
SMSEMOA__100__25000__0_85__0_005,MPC_1001485,EP,1,0.2742882758207672
SMSEMOA__100__25000__0_85__0_005,MPC_1001485,EP,2,0.273213080637264
SMSEMOA__100__25000__0_85__0_005,MPC_1042576,EP,0,0.032021926038006854
SMSEMOA__100__25000__0_85__0_005,MPC_1042576,EP,1,0.032507203652262846
SMSEMOA__100__25000__0_85__0_005,MPC_1042576,EP,2,0.029605554778679044
SMSEMOA__100__25000__0_85__0_01,MPC_1045862,EP,0,0.48284700505879097
SMSEMOA__100__25000__0_85__0_01,MPC_1045862,EP,1,0.4753038108085705
SMSEMOA__100__25000__0_85__0_01,MPC_1045862,EP,2,0.4676785376509193
SMSEMOA__100__25000__0_85__0_01,MPC_1005583,EP,0,0.6043532074669345
SMSEMOA__100__25000__0_85__0_01,MPC_1005583,EP,1,0.6267334668838308
SMSEMOA__100__25000__0_85__0_01,MPC_1005583,EP,2,0.6586539377372075
SMSEMOA__100__25000__0_85__0_01,MPC_1046202,EP,0,0.19799340611886668
SMSEMOA__100__25000__0_85__0_01,MPC_1046202,EP,1,0.19886393633075794
SMSEMOA__100__25000__0_85__0_01,MPC_1046202,EP,2,0.2022562349218967
SMSEMOA__100__25000__0_85__0_01,MPC_1046653,EP,0,0.08811459394822146
SMSEMOA__100__25000__0_85__0_01,MPC_1046653,EP,1,0.10528760606720934
SMSEMOA__100__25000__0_85__0_01,MPC_1046653,EP,2,0.10712723313920922
SMSEMOA__100__25000__0_85__0_01,MPC_1001485,EP,0,0.29029992588127096
SMSEMOA__100__25000__0_85__0_01,MPC_1001485,EP,1,0.2828146160284497
SMSEMOA__100__25000__0_85__0_01,MPC_1001485,EP,2,0.2646411219082421
SMSEMOA__100__25000__0_85__0_01,MPC_1042576,EP,0,0.031874274982799634
SMSEMOA__100__25000__0_85__0_01,MPC_1042576,EP,1,0.03125946185931435
SMSEMOA__100__25000__0_85__0_01,MPC_1042576,EP,2,0.028978188433023026
SMSEMOA__100__25000__0_85__0_015,MPC_1045862,EP,0,0.480301145357316
SMSEMOA__100__25000__0_85__0_015,MPC_1045862,EP,1,0.46387236842969515
SMSEMOA__100__25000__0_85__0_015,MPC_1045862,EP,2,0.4774052676066842
SMSEMOA__100__25000__0_85__0_015,MPC_1005583,EP,0,0.6478767579781081
SMSEMOA__100__25000__0_85__0_015,MPC_1005583,EP,1,0.6328990864670858
SMSEMOA__100__25000__0_85__0_015,MPC_1005583,EP,2,0.6239597568213642
SMSEMOA__100__25000__0_85__0_015,MPC_1046202,EP,0,0.1967634282375373
SMSEMOA__100__25000__0_85__0_015,MPC_1046202,EP,1,0.19375460291699861
SMSEMOA__100__25000__0_85__0_015,MPC_1046202,EP,2,0.2016850095338128
SMSEMOA__100__25000__0_85__0_015,MPC_1046653,EP,0,0.08855051580961153
SMSEMOA__100__25000__0_85__0_015,MPC_1046653,EP,1,0.10551611444695967
SMSEMOA__100__25000__0_85__0_015,MPC_1046653,EP,2,0.10682201521732537
SMSEMOA__100__25000__0_85__0_015,MPC_1001485,EP,0,0.26289755460210085
SMSEMOA__100__25000__0_85__0_015,MPC_1001485,EP,1,0.27838294172591255
SMSEMOA__100__25000__0_85__0_015,MPC_1001485,EP,2,0.2646057496317462
SMSEMOA__100__25000__0_85__0_015,MPC_1042576,EP,0,0.03201123538852729
SMSEMOA__100__25000__0_85__0_015,MPC_1042576,EP,1,0.03095006464292108
SMSEMOA__100__25000__0_85__0_015,MPC_1042576,EP,2,0.033695232045085524
SMSEMOA__100__25000__0_9__0_005,MPC_1045862,EP,0,0.45337523396059254
SMSEMOA__100__25000__0_9__0_005,MPC_1045862,EP,1,0.46722273698892947
SMSEMOA__100__25000__0_9__0_005,MPC_1045862,EP,2,0.4783460071837395
SMSEMOA__100__25000__0_9__0_005,MPC_1005583,EP,0,0.6401961833514653
SMSEMOA__100__25000__0_9__0_005,MPC_1005583,EP,1,0.6385629082886386
SMSEMOA__100__25000__0_9__0_005,MPC_1005583,EP,2,0.6085139919808269
SMSEMOA__100__25000__0_9__0_005,MPC_1046202,EP,0,0.20668038010991138
SMSEMOA__100__25000__0_9__0_005,MPC_1046202,EP,1,0.1933304702408634
SMSEMOA__100__25000__0_9__0_005,MPC_1046202,EP,2,0.18995171302312303
SMSEMOA__100__25000__0_9__0_005,MPC_1046653,EP,0,0.09565563282455976
SMSEMOA__100__25000__0_9__0_005,MPC_1046653,EP,1,0.10757792473909565
SMSEMOA__100__25000__0_9__0_005,MPC_1046653,EP,2,0.10265512594062508
SMSEMOA__100__25000__0_9__0_005,MPC_1001485,EP,0,0.2761561878324279
SMSEMOA__100__25000__0_9__0_005,MPC_1001485,EP,1,0.28139920422196235
SMSEMOA__100__25000__0_9__0_005,MPC_1001485,EP,2,0.27023473056562736
SMSEMOA__100__25000__0_9__0_005,MPC_1042576,EP,0,0.03135293220512204
SMSEMOA__100__25000__0_9__0_005,MPC_1042576,EP,1,0.03320503327035789
SMSEMOA__100__25000__0_9__0_005,MPC_1042576,EP,2,0.029827292625766652
SMSEMOA__100__25000__0_9__0_01,MPC_1045862,EP,0,0.48048230407340115
SMSEMOA__100__25000__0_9__0_01,MPC_1045862,EP,1,0.4689083908377982
SMSEMOA__100__25000__0_9__0_01,MPC_1045862,EP,2,0.4755149003381818
SMSEMOA__100__25000__0_9__0_01,MPC_1005583,EP,0,0.6136863735670959
SMSEMOA__100__25000__0_9__0_01,MPC_1005583,EP,1,0.6401967543657235
SMSEMOA__100__25000__0_9__0_01,MPC_1005583,EP,2,0.646633835488715
SMSEMOA__100__25000__0_9__0_01,MPC_1046202,EP,0,0.20795672928735479
SMSEMOA__100__25000__0_9__0_01,MPC_1046202,EP,1,0.20580963116145823
SMSEMOA__100__25000__0_9__0_01,MPC_1046202,EP,2,0.20791345241908735
SMSEMOA__100__25000__0_9__0_01,MPC_1046653,EP,0,0.09084184176272518
SMSEMOA__100__25000__0_9__0_01,MPC_1046653,EP,1,0.09677157023407174
SMSEMOA__100__25000__0_9__0_01,MPC_1046653,EP,2,0.09971772062636827
SMSEMOA__100__25000__0_9__0_01,MPC_1001485,EP,0,0.28876884883599896
SMSEMOA__100__25000__0_9__0_01,MPC_1001485,EP,1,0.27971566777613655
SMSEMOA__100__25000__0_9__0_01,MPC_1001485,EP,2,0.29334172363519195
SMSEMOA__100__25000__0_9__0_01,MPC_1042576,EP,0,0.030390438785123233
SMSEMOA__100__25000__0_9__0_01,MPC_1042576,EP,1,0.031530374207995995
SMSEMOA__100__25000__0_9__0_01,MPC_1042576,EP,2,0.030212667515682794
SMSEMOA__100__25000__0_9__0_015,MPC_1045862,EP,0,0.4877696683559469
SMSEMOA__100__25000__0_9__0_015,MPC_1045862,EP,1,0.4779458211965034
SMSEMOA__100__25000__0_9__0_015,MPC_1045862,EP,2,0.47042339681943
SMSEMOA__100__25000__0_9__0_015,MPC_1005583,EP,0,0.6179018816887377
SMSEMOA__100__25000__0_9__0_015,MPC_1005583,EP,1,0.6275048369272911
SMSEMOA__100__25000__0_9__0_015,MPC_1005583,EP,2,0.6530174563282297
SMSEMOA__100__25000__0_9__0_015,MPC_1046202,EP,0,0.19526011308417845
SMSEMOA__100__25000__0_9__0_015,MPC_1046202,EP,1,0.20039519047391838
SMSEMOA__100__25000__0_9__0_015,MPC_1046202,EP,2,0.20414395367586896
SMSEMOA__100__25000__0_9__0_015,MPC_1046653,EP,0,0.1028703806886551
SMSEMOA__100__25000__0_9__0_015,MPC_1046653,EP,1,0.0929557227067983
SMSEMOA__100__25000__0_9__0_015,MPC_1046653,EP,2,0.10985112083535965
SMSEMOA__100__25000__0_9__0_015,MPC_1001485,EP,0,0.26527461280506465
SMSEMOA__100__25000__0_9__0_015,MPC_1001485,EP,1,0.26521623003406375
SMSEMOA__100__25000__0_9__0_015,MPC_1001485,EP,2,0.273728153460177
SMSEMOA__100__25000__0_9__0_015,MPC_1042576,EP,0,0.030299431980102477
SMSEMOA__100__25000__0_9__0_015,MPC_1042576,EP,1,0.03215769642187036
SMSEMOA__100__25000__0_9__0_015,MPC_1042576,EP,2,0.030141696917530287
SMSEMOA__100__25000__0_95__0_005,MPC_1045862,EP,0,0.4684483417538349
SMSEMOA__100__25000__0_95__0_005,MPC_1045862,EP,1,0.42944782049754743
SMSEMOA__100__25000__0_95__0_005,MPC_1045862,EP,2,0.47260538713179073
SMSEMOA__100__25000__0_95__0_005,MPC_1005583,EP,0,0.6376161235691404
SMSEMOA__100__25000__0_95__0_005,MPC_1005583,EP,1,0.6104654069899993
SMSEMOA__100__25000__0_95__0_005,MPC_1005583,EP,2,0.6286380626389503
SMSEMOA__100__25000__0_95__0_005,MPC_1046202,EP,0,0.19869432080680235
SMSEMOA__100__25000__0_95__0_005,MPC_1046202,EP,1,0.18980251134950063
SMSEMOA__100__25000__0_95__0_005,MPC_1046202,EP,2,0.19592476816983795
SMSEMOA__100__25000__0_95__0_005,MPC_1046653,EP,0,0.12203106866588062
SMSEMOA__100__25000__0_95__0_005,MPC_1046653,EP,1,0.11262501523509044
SMSEMOA__100__25000__0_95__0_005,MPC_1046653,EP,2,0.10357518435128701
SMSEMOA__100__25000__0_95__0_005,MPC_1001485,EP,0,0.24684726967808673
SMSEMOA__100__25000__0_95__0_005,MPC_1001485,EP,1,0.2593422670656714
SMSEMOA__100__25000__0_95__0_005,MPC_1001485,EP,2,0.26682931665913023
SMSEMOA__100__25000__0_95__0_005,MPC_1042576,EP,0,0.029895275586321716
SMSEMOA__100__25000__0_95__0_005,MPC_1042576,EP,1,0.03254595142394494
SMSEMOA__100__25000__0_95__0_005,MPC_1042576,EP,2,0.03439667964370295
SMSEMOA__100__25000__0_95__0_01,MPC_1045862,EP,0,0.46503074407441225
SMSEMOA__100__25000__0_95__0_01,MPC_1045862,EP,1,0.44772877949691064
SMSEMOA__100__25000__0_95__0_01,MPC_1045862,EP,2,0.4292964153789875
SMSEMOA__100__25000__0_95__0_01,MPC_1005583,EP,0,0.6510687108975195
SMSEMOA__100__25000__0_95__0_01,MPC_1005583,EP,1,0.6307611483884158
SMSEMOA__100__25000__0_95__0_01,MPC_1005583,EP,2,0.6204027197776306
SMSEMOA__100__25000__0_95__0_01,MPC_1046202,EP,0,0.2151941476317318
SMSEMOA__100__25000__0_95__0_01,MPC_1046202,EP,1,0.1965260128559101
SMSEMOA__100__25000__0_95__0_01,MPC_1046202,EP,2,0.2006982244845493
SMSEMOA__100__25000__0_95__0_01,MPC_1046653,EP,0,0.08937277748936104
SMSEMOA__100__25000__0_95__0_01,MPC_1046653,EP,1,0.09153961633211224
SMSEMOA__100__25000__0_95__0_01,MPC_1046653,EP,2,0.09904691529942553
SMSEMOA__100__25000__0_95__0_01,MPC_1001485,EP,0,0.2773980653329106
SMSEMOA__100__25000__0_95__0_01,MPC_1001485,EP,1,0.2630094986755781
SMSEMOA__100__25000__0_95__0_01,MPC_1001485,EP,2,0.2527357027624679
SMSEMOA__100__25000__0_95__0_01,MPC_1042576,EP,0,0.03142140265284157
SMSEMOA__100__25000__0_95__0_01,MPC_1042576,EP,1,0.030826174015982272
SMSEMOA__100__25000__0_95__0_01,MPC_1042576,EP,2,0.02881649901162767
SMSEMOA__100__25000__0_95__0_015,MPC_1045862,EP,0,0.47923227163907633
SMSEMOA__100__25000__0_95__0_015,MPC_1045862,EP,1,0.46618794218035436
SMSEMOA__100__25000__0_95__0_015,MPC_1045862,EP,2,0.4686975249366646
SMSEMOA__100__25000__0_95__0_015,MPC_1005583,EP,0,0.6346427090458436
SMSEMOA__100__25000__0_95__0_015,MPC_1005583,EP,1,0.626868381409912
SMSEMOA__100__25000__0_95__0_015,MPC_1005583,EP,2,0.6066461718079004
SMSEMOA__100__25000__0_95__0_015,MPC_1046202,EP,0,0.21543746773709946
SMSEMOA__100__25000__0_95__0_015,MPC_1046202,EP,1,0.20044467497593169
SMSEMOA__100__25000__0_95__0_015,MPC_1046202,EP,2,0.2054184766259157
SMSEMOA__100__25000__0_95__0_015,MPC_1046653,EP,0,0.10831134087503642
SMSEMOA__100__25000__0_95__0_015,MPC_1046653,EP,1,0.11336632134861488
SMSEMOA__100__25000__0_95__0_015,MPC_1046653,EP,2,0.10167590311927116
SMSEMOA__100__25000__0_95__0_015,MPC_1001485,EP,0,0.24388325409230907
SMSEMOA__100__25000__0_95__0_015,MPC_1001485,EP,1,0.2651358356738872
SMSEMOA__100__25000__0_95__0_015,MPC_1001485,EP,2,0.2720702169335744
SMSEMOA__100__25000__0_95__0_015,MPC_1042576,EP,0,0.03520064636198674
SMSEMOA__100__25000__0_95__0_015,MPC_1042576,EP,1,0.030498869038497148
SMSEMOA__100__25000__0_95__0_015,MPC_1042576,EP,2,0.03263803029377148
MACO1__30__100__1_0__2_0__0_01,MPC_1045862,EP,0,0.6900566102694234
MACO1__30__100__1_0__2_0__0_01,MPC_1045862,EP,1,0.7000905674466702
MACO1__30__100__1_0__2_0__0_01,MPC_1045862,EP,2,0.7126729670188805
MACO1__30__100__1_0__2_0__0_01,MPC_1005583,EP,0,0.7863584497673612
MACO1__30__100__1_0__2_0__0_01,MPC_1005583,EP,1,0.785594567268491
MACO1__30__100__1_0__2_0__0_01,MPC_1005583,EP,2,0.7959599885860096
MACO1__30__100__1_0__2_0__0_01,MPC_1046202,EP,0,0.2374548710111891
MACO1__30__100__1_0__2_0__0_01,MPC_1046202,EP,1,0.24172972366684328
MACO1__30__100__1_0__2_0__0_01,MPC_1046202,EP,2,0.23234216230103247
MACO1__30__100__1_0__2_0__0_01,MPC_1046653,EP,0,0.2411263898176859
MACO1__30__100__1_0__2_0__0_01,MPC_1046653,EP,1,0.23606442959739335
MACO1__30__100__1_0__2_0__0_01,MPC_1046653,EP,2,0.24025876827883258
MACO1__30__100__1_0__2_0__0_01,MPC_1001485,EP,0,0.5172319582217475
MACO1__30__100__1_0__2_0__0_01,MPC_1001485,EP,1,0.5140978727360497
MACO1__30__100__1_0__2_0__0_01,MPC_1001485,EP,2,0.5277922133467299
MACO1__30__100__1_0__2_0__0_01,MPC_1042576,EP,0,0.08385839472182041
MACO1__30__100__1_0__2_0__0_01,MPC_1042576,EP,1,0.08753890246983101
MACO1__30__100__1_0__2_0__0_01,MPC_1042576,EP,2,0.07784605804666633
MACO1__30__100__1_0__2_0__0_1,MPC_1045862,EP,0,0.7143640588090555
MACO1__30__100__1_0__2_0__0_1,MPC_1045862,EP,1,0.707867439404809
MACO1__30__100__1_0__2_0__0_1,MPC_1045862,EP,2,0.7083053593138554
MACO1__30__100__1_0__2_0__0_1,MPC_1005583,EP,0,0.7529983625081361
MACO1__30__100__1_0__2_0__0_1,MPC_1005583,EP,1,0.7950810724743094
MACO1__30__100__1_0__2_0__0_1,MPC_1005583,EP,2,0.8048772534608332
MACO1__30__100__1_0__2_0__0_1,MPC_1046202,EP,0,0.23286698757306235
MACO1__30__100__1_0__2_0__0_1,MPC_1046202,EP,1,0.22683305871164539
MACO1__30__100__1_0__2_0__0_1,MPC_1046202,EP,2,0.2526615694592845
MACO1__30__100__1_0__2_0__0_1,MPC_1046653,EP,0,0.24357827037319693
MACO1__30__100__1_0__2_0__0_1,MPC_1046653,EP,1,0.24968920834952693
MACO1__30__100__1_0__2_0__0_1,MPC_1046653,EP,2,0.23268554235391328
MACO1__30__100__1_0__2_0__0_1,MPC_1001485,EP,0,0.4809918522527467
MACO1__30__100__1_0__2_0__0_1,MPC_1001485,EP,1,0.519439327382309
MACO1__30__100__1_0__2_0__0_1,MPC_1001485,EP,2,0.5018212975295335
MACO1__30__100__1_0__2_0__0_1,MPC_1042576,EP,0,0.08215927149595048
MACO1__30__100__1_0__2_0__0_1,MPC_1042576,EP,1,0.09933806566750207
MACO1__30__100__1_0__2_0__0_1,MPC_1042576,EP,2,0.09365500466090368
MACO1__30__100__1_0__4_0__0_01,MPC_1045862,EP,0,0.7009063051657619
MACO1__30__100__1_0__4_0__0_01,MPC_1045862,EP,1,0.7055844680235543
MACO1__30__100__1_0__4_0__0_01,MPC_1045862,EP,2,0.6901699157869605
MACO1__30__100__1_0__4_0__0_01,MPC_1005583,EP,0,0.8191041150930971
MACO1__30__100__1_0__4_0__0_01,MPC_1005583,EP,1,0.8031611099353074
MACO1__30__100__1_0__4_0__0_01,MPC_1005583,EP,2,0.8386458939675987
MACO1__30__100__1_0__4_0__0_01,MPC_1046202,EP,0,0.24729318691952648
MACO1__30__100__1_0__4_0__0_01,MPC_1046202,EP,1,0.24283240177899568
MACO1__30__100__1_0__4_0__0_01,MPC_1046202,EP,2,0.2405540894967073
MACO1__30__100__1_0__4_0__0_01,MPC_1046653,EP,0,0.23758418826089275
MACO1__30__100__1_0__4_0__0_01,MPC_1046653,EP,1,0.2426911313445434
MACO1__30__100__1_0__4_0__0_01,MPC_1046653,EP,2,0.23997437410717962
MACO1__30__100__1_0__4_0__0_01,MPC_1001485,EP,0,0.5028200843402217
MACO1__30__100__1_0__4_0__0_01,MPC_1001485,EP,1,0.5317557407372276
MACO1__30__100__1_0__4_0__0_01,MPC_1001485,EP,2,0.5138297543690281
MACO1__30__100__1_0__4_0__0_01,MPC_1042576,EP,0,0.08595730261451928
MACO1__30__100__1_0__4_0__0_01,MPC_1042576,EP,1,0.0868328108002647
MACO1__30__100__1_0__4_0__0_01,MPC_1042576,EP,2,0.08804506853668838
MACO1__30__100__1_0__4_0__0_1,MPC_1045862,EP,0,0.7036474615062155
MACO1__30__100__1_0__4_0__0_1,MPC_1045862,EP,1,0.7049741427808556
MACO1__30__100__1_0__4_0__0_1,MPC_1045862,EP,2,0.7167229527155717
MACO1__30__100__1_0__4_0__0_1,MPC_1005583,EP,0,0.7562054014722173
MACO1__30__100__1_0__4_0__0_1,MPC_1005583,EP,1,0.7895167938465312
MACO1__30__100__1_0__4_0__0_1,MPC_1005583,EP,2,0.8085702679306103
MACO1__30__100__1_0__4_0__0_1,MPC_1046202,EP,0,0.22955786492690775
MACO1__30__100__1_0__4_0__0_1,MPC_1046202,EP,1,0.23522660745770424
MACO1__30__100__1_0__4_0__0_1,MPC_1046202,EP,2,0.23545656690891417
MACO1__30__100__1_0__4_0__0_1,MPC_1046653,EP,0,0.25389190211751905
MACO1__30__100__1_0__4_0__0_1,MPC_1046653,EP,1,0.24789262513546306
MACO1__30__100__1_0__4_0__0_1,MPC_1046653,EP,2,0.2461066055005271
MACO1__30__100__1_0__4_0__0_1,MPC_1001485,EP,0,0.5141301566850244
MACO1__30__100__1_0__4_0__0_1,MPC_1001485,EP,1,0.5391155230570075
MACO1__30__100__1_0__4_0__0_1,MPC_1001485,EP,2,0.512282282709366
MACO1__30__100__1_0__4_0__0_1,MPC_1042576,EP,0,0.09894368369954773
MACO1__30__100__1_0__4_0__0_1,MPC_1042576,EP,1,0.09539175341205745
MACO1__30__100__1_0__4_0__0_1,MPC_1042576,EP,2,0.09224879447431245
MACO2__10__100__1_0__2_0__0_01,MPC_1045862,EP,0,0.7161843639394576
MACO2__10__100__1_0__2_0__0_01,MPC_1045862,EP,1,0.7366472950420823
MACO2__10__100__1_0__2_0__0_01,MPC_1045862,EP,2,0.7112297057140636
MACO2__10__100__1_0__2_0__0_01,MPC_1005583,EP,0,0.8314440129453264
MACO2__10__100__1_0__2_0__0_01,MPC_1005583,EP,1,0.8009194724697098
MACO2__10__100__1_0__2_0__0_01,MPC_1005583,EP,2,0.807245268372663
MACO2__10__100__1_0__2_0__0_01,MPC_1046202,EP,0,0.23785286980692785
MACO2__10__100__1_0__2_0__0_01,MPC_1046202,EP,1,0.24457543440204055
MACO2__10__100__1_0__2_0__0_01,MPC_1046202,EP,2,0.2310808254301395
MACO2__10__100__1_0__2_0__0_01,MPC_1046653,EP,0,0.23865957299959883
MACO2__10__100__1_0__2_0__0_01,MPC_1046653,EP,1,0.23003322968253237
MACO2__10__100__1_0__2_0__0_01,MPC_1046653,EP,2,0.2550603821425294
MACO2__10__100__1_0__2_0__0_01,MPC_1001485,EP,0,0.48721812527228175
MACO2__10__100__1_0__2_0__0_01,MPC_1001485,EP,1,0.5362329026490058
MACO2__10__100__1_0__2_0__0_01,MPC_1001485,EP,2,0.501636622066086
MACO2__10__100__1_0__2_0__0_01,MPC_1042576,EP,0,0.09513874973880485
MACO2__10__100__1_0__2_0__0_01,MPC_1042576,EP,1,0.08920188011434262
MACO2__10__100__1_0__2_0__0_01,MPC_1042576,EP,2,0.1051457667571117
MACO2__10__100__1_0__2_0__0_1,MPC_1045862,EP,0,0.6739992508132063
MACO2__10__100__1_0__2_0__0_1,MPC_1045862,EP,1,0.7149503815650714
MACO2__10__100__1_0__2_0__0_1,MPC_1045862,EP,2,0.7381816387961051
MACO2__10__100__1_0__2_0__0_1,MPC_1005583,EP,0,0.8154703040801988
MACO2__10__100__1_0__2_0__0_1,MPC_1005583,EP,1,0.8173587998951195
MACO2__10__100__1_0__2_0__0_1,MPC_1005583,EP,2,0.8347693578364771
MACO2__10__100__1_0__2_0__0_1,MPC_1046202,EP,0,0.24509002447985465
MACO2__10__100__1_0__2_0__0_1,MPC_1046202,EP,1,0.24987910399757784
MACO2__10__100__1_0__2_0__0_1,MPC_1046202,EP,2,0.24192006582761302
MACO2__10__100__1_0__2_0__0_1,MPC_1046653,EP,0,0.25205782330427284
MACO2__10__100__1_0__2_0__0_1,MPC_1046653,EP,1,0.2422218696725968
MACO2__10__100__1_0__2_0__0_1,MPC_1046653,EP,2,0.2511596535041434
MACO2__10__100__1_0__2_0__0_1,MPC_1001485,EP,0,0.5290386048446
MACO2__10__100__1_0__2_0__0_1,MPC_1001485,EP,1,0.4683241764468597
MACO2__10__100__1_0__2_0__0_1,MPC_1001485,EP,2,0.5055198850327833
MACO2__10__100__1_0__2_0__0_1,MPC_1042576,EP,0,0.09019614879747047
MACO2__10__100__1_0__2_0__0_1,MPC_1042576,EP,1,0.1015275120917201
MACO2__10__100__1_0__2_0__0_1,MPC_1042576,EP,2,0.10155332310054
MACO2__10__100__1_0__4_0__0_01,MPC_1045862,EP,0,0.7267469888784184
MACO2__10__100__1_0__4_0__0_01,MPC_1045862,EP,1,0.7197770615742412
MACO2__10__100__1_0__4_0__0_01,MPC_1045862,EP,2,0.7107682143997395
MACO2__10__100__1_0__4_0__0_01,MPC_1005583,EP,0,0.8365567310801828
MACO2__10__100__1_0__4_0__0_01,MPC_1005583,EP,1,0.8239385024290117
MACO2__10__100__1_0__4_0__0_01,MPC_1005583,EP,2,0.8233309717433356
MACO2__10__100__1_0__4_0__0_01,MPC_1046202,EP,0,0.24075266716530985
MACO2__10__100__1_0__4_0__0_01,MPC_1046202,EP,1,0.24276251136008867
MACO2__10__100__1_0__4_0__0_01,MPC_1046202,EP,2,0.25646495371028644
MACO2__10__100__1_0__4_0__0_01,MPC_1046653,EP,0,0.25011494183195954
MACO2__10__100__1_0__4_0__0_01,MPC_1046653,EP,1,0.24878998054472065
MACO2__10__100__1_0__4_0__0_01,MPC_1046653,EP,2,0.25020169105656054
MACO2__10__100__1_0__4_0__0_01,MPC_1001485,EP,0,0.5298764004311975
MACO2__10__100__1_0__4_0__0_01,MPC_1001485,EP,1,0.49824700989323745
MACO2__10__100__1_0__4_0__0_01,MPC_1001485,EP,2,0.5497924701812892
MACO2__10__100__1_0__4_0__0_01,MPC_1042576,EP,0,0.09084951895879913
MACO2__10__100__1_0__4_0__0_01,MPC_1042576,EP,1,0.08286625979865457
MACO2__10__100__1_0__4_0__0_01,MPC_1042576,EP,2,0.09894014307869349
MACO2__10__100__1_0__4_0__0_1,MPC_1045862,EP,0,0.73186565186957
MACO2__10__100__1_0__4_0__0_1,MPC_1045862,EP,1,0.7470415338415115
MACO2__10__100__1_0__4_0__0_1,MPC_1045862,EP,2,0.7111311105173396
MACO2__10__100__1_0__4_0__0_1,MPC_1005583,EP,0,0.8036180708787193
MACO2__10__100__1_0__4_0__0_1,MPC_1005583,EP,1,0.7909012078566652
MACO2__10__100__1_0__4_0__0_1,MPC_1005583,EP,2,0.8063010819263265
MACO2__10__100__1_0__4_0__0_1,MPC_1046202,EP,0,0.2392607374251965
MACO2__10__100__1_0__4_0__0_1,MPC_1046202,EP,1,0.2466751131740013
MACO2__10__100__1_0__4_0__0_1,MPC_1046202,EP,2,0.2523879086536832
MACO2__10__100__1_0__4_0__0_1,MPC_1046653,EP,0,0.2407086356455472
MACO2__10__100__1_0__4_0__0_1,MPC_1046653,EP,1,0.23385133915526277
MACO2__10__100__1_0__4_0__0_1,MPC_1046653,EP,2,0.25973872576518714
MACO2__10__100__1_0__4_0__0_1,MPC_1001485,EP,0,0.5108595425106917
MACO2__10__100__1_0__4_0__0_1,MPC_1001485,EP,1,0.5338451440561163
MACO2__10__100__1_0__4_0__0_1,MPC_1001485,EP,2,0.457493464357284
MACO2__10__100__1_0__4_0__0_1,MPC_1042576,EP,0,0.09832507218965351
MACO2__10__100__1_0__4_0__0_1,MPC_1042576,EP,1,0.08600437950117386
MACO2__10__100__1_0__4_0__0_1,MPC_1042576,EP,2,0.10438502350578577
MACO3__10__300__1_0__2_0__0_01,MPC_1045862,EP,0,0.7362936210957278
MACO3__10__300__1_0__2_0__0_01,MPC_1045862,EP,1,0.7050261028651444
MACO3__10__300__1_0__2_0__0_01,MPC_1045862,EP,2,0.7261417235129676
MACO3__10__300__1_0__2_0__0_01,MPC_1005583,EP,0,0.9258285033645227
MACO3__10__300__1_0__2_0__0_01,MPC_1005583,EP,1,0.9379934182934747
MACO3__10__300__1_0__2_0__0_01,MPC_1005583,EP,2,0.9166568886490843
MACO3__10__300__1_0__2_0__0_01,MPC_1046202,EP,0,0.30996117869397266
MACO3__10__300__1_0__2_0__0_01,MPC_1046202,EP,1,0.31426646123489393
MACO3__10__300__1_0__2_0__0_01,MPC_1046202,EP,2,0.3134895579422891
MACO3__10__300__1_0__2_0__0_01,MPC_1046653,EP,0,0.26405668883485406
MACO3__10__300__1_0__2_0__0_01,MPC_1046653,EP,1,0.27880242500280183
MACO3__10__300__1_0__2_0__0_01,MPC_1046653,EP,2,0.27015620747204877
MACO3__10__300__1_0__2_0__0_01,MPC_1001485,EP,0,0.5559460072464958
MACO3__10__300__1_0__2_0__0_01,MPC_1001485,EP,1,0.5243514417443279
MACO3__10__300__1_0__2_0__0_01,MPC_1001485,EP,2,0.5558490070912823
MACO3__10__300__1_0__2_0__0_01,MPC_1042576,EP,0,0.12363560098913731
MACO3__10__300__1_0__2_0__0_01,MPC_1042576,EP,1,0.1391446315213254
MACO3__10__300__1_0__2_0__0_01,MPC_1042576,EP,2,0.11088662537910418
MACO3__10__300__1_0__2_0__0_1,MPC_1045862,EP,0,0.7135370441996137
MACO3__10__300__1_0__2_0__0_1,MPC_1045862,EP,1,0.7072982142002772
MACO3__10__300__1_0__2_0__0_1,MPC_1045862,EP,2,0.7230056068079415
MACO3__10__300__1_0__2_0__0_1,MPC_1005583,EP,0,0.9487493403762242
MACO3__10__300__1_0__2_0__0_1,MPC_1005583,EP,1,0.9737142209111054
MACO3__10__300__1_0__2_0__0_1,MPC_1005583,EP,2,0.9646603886063645
MACO3__10__300__1_0__2_0__0_1,MPC_1046202,EP,0,0.31152807673302796
MACO3__10__300__1_0__2_0__0_1,MPC_1046202,EP,1,0.31238219600875133
MACO3__10__300__1_0__2_0__0_1,MPC_1046202,EP,2,0.29619607739201526
MACO3__10__300__1_0__2_0__0_1,MPC_1046653,EP,0,0.2664977856762124
MACO3__10__300__1_0__2_0__0_1,MPC_1046653,EP,1,0.27404429593384394
MACO3__10__300__1_0__2_0__0_1,MPC_1046653,EP,2,0.2657086918953141
MACO3__10__300__1_0__2_0__0_1,MPC_1001485,EP,0,0.536476302855983
MACO3__10__300__1_0__2_0__0_1,MPC_1001485,EP,1,0.5064523433168399
MACO3__10__300__1_0__2_0__0_1,MPC_1001485,EP,2,0.5575960737727459
MACO3__10__300__1_0__2_0__0_1,MPC_1042576,EP,0,0.13104026298188734
MACO3__10__300__1_0__2_0__0_1,MPC_1042576,EP,1,0.12313618585396395
MACO3__10__300__1_0__2_0__0_1,MPC_1042576,EP,2,0.1406923579958858
MACO3__10__300__1_0__4_0__0_01,MPC_1045862,EP,0,0.7043220894996998
MACO3__10__300__1_0__4_0__0_01,MPC_1045862,EP,1,0.7539683802883569
MACO3__10__300__1_0__4_0__0_01,MPC_1045862,EP,2,0.7367659560304132
MACO3__10__300__1_0__4_0__0_01,MPC_1005583,EP,0,1.0386851563952648
MACO3__10__300__1_0__4_0__0_01,MPC_1005583,EP,1,1.0311568453902462
MACO3__10__300__1_0__4_0__0_01,MPC_1005583,EP,2,1.0482981388774688
MACO3__10__300__1_0__4_0__0_01,MPC_1046202,EP,0,0.32988507767528
MACO3__10__300__1_0__4_0__0_01,MPC_1046202,EP,1,0.3180960160566806
MACO3__10__300__1_0__4_0__0_01,MPC_1046202,EP,2,0.33754646045466
MACO3__10__300__1_0__4_0__0_01,MPC_1046653,EP,0,0.29268991172007197
MACO3__10__300__1_0__4_0__0_01,MPC_1046653,EP,1,0.29265890741070183
MACO3__10__300__1_0__4_0__0_01,MPC_1046653,EP,2,0.28876144194473174
MACO3__10__300__1_0__4_0__0_01,MPC_1001485,EP,0,0.6021105585614457
MACO3__10__300__1_0__4_0__0_01,MPC_1001485,EP,1,0.5477465659231887
MACO3__10__300__1_0__4_0__0_01,MPC_1001485,EP,2,0.5870513613321506
MACO3__10__300__1_0__4_0__0_01,MPC_1042576,EP,0,0.17949773167656632
MACO3__10__300__1_0__4_0__0_01,MPC_1042576,EP,1,0.1782244342367388
MACO3__10__300__1_0__4_0__0_01,MPC_1042576,EP,2,0.17643218372998987
MACO3__10__300__1_0__4_0__0_1,MPC_1045862,EP,0,0.751693109670529
MACO3__10__300__1_0__4_0__0_1,MPC_1045862,EP,1,0.7435246492661344
MACO3__10__300__1_0__4_0__0_1,MPC_1045862,EP,2,0.7341330229411911
MACO3__10__300__1_0__4_0__0_1,MPC_1005583,EP,0,1.0154860682330484
MACO3__10__300__1_0__4_0__0_1,MPC_1005583,EP,1,0.981403977785358
MACO3__10__300__1_0__4_0__0_1,MPC_1005583,EP,2,1.0386095902055352
MACO3__10__300__1_0__4_0__0_1,MPC_1046202,EP,0,0.3323794124685762
MACO3__10__300__1_0__4_0__0_1,MPC_1046202,EP,1,0.3340776412129733
MACO3__10__300__1_0__4_0__0_1,MPC_1046202,EP,2,0.32858243491717737
MACO3__10__300__1_0__4_0__0_1,MPC_1046653,EP,0,0.2957472198661738
MACO3__10__300__1_0__4_0__0_1,MPC_1046653,EP,1,0.2933487981067597
MACO3__10__300__1_0__4_0__0_1,MPC_1046653,EP,2,0.29463308950373657
MACO3__10__300__1_0__4_0__0_1,MPC_1001485,EP,0,0.5908688183159103
MACO3__10__300__1_0__4_0__0_1,MPC_1001485,EP,1,0.6066402153522119
MACO3__10__300__1_0__4_0__0_1,MPC_1001485,EP,2,0.5611096188994886
MACO3__10__300__1_0__4_0__0_1,MPC_1042576,EP,0,0.16327552600863246
MACO3__10__300__1_0__4_0__0_1,MPC_1042576,EP,1,0.1888985309468042
MACO3__10__300__1_0__4_0__0_1,MPC_1042576,EP,2,0.16535389205679638
MACO4__100__500__1_0__2_0__0_01,MPC_1045862,EP,0,0.6757778484623961
MACO4__100__500__1_0__2_0__0_01,MPC_1045862,EP,1,0.6933627126544999
MACO4__100__500__1_0__2_0__0_01,MPC_1045862,EP,2,0.6979980470246583
MACO4__100__500__1_0__2_0__0_01,MPC_1005583,EP,0,0.8898608082507822
MACO4__100__500__1_0__2_0__0_01,MPC_1005583,EP,1,0.9108394365967036
MACO4__100__500__1_0__2_0__0_01,MPC_1005583,EP,2,0.8772374700471814
MACO4__100__500__1_0__2_0__0_01,MPC_1046202,EP,0,0.2866436701693042
MACO4__100__500__1_0__2_0__0_01,MPC_1046202,EP,1,0.2887649981574366
MACO4__100__500__1_0__2_0__0_01,MPC_1046202,EP,2,0.2843992476713696
MACO4__100__500__1_0__2_0__0_01,MPC_1046653,EP,0,0.2392515544194025
MACO4__100__500__1_0__2_0__0_01,MPC_1046653,EP,1,0.24767247218220562
MACO4__100__500__1_0__2_0__0_01,MPC_1046653,EP,2,0.25672142898888756
MACO4__100__500__1_0__2_0__0_01,MPC_1001485,EP,0,0.5340951069246849
MACO4__100__500__1_0__2_0__0_01,MPC_1001485,EP,1,0.5159894326302421
MACO4__100__500__1_0__2_0__0_01,MPC_1001485,EP,2,0.5299909113849468
MACO4__100__500__1_0__2_0__0_01,MPC_1042576,EP,0,0.0980795153306133
MACO4__100__500__1_0__2_0__0_01,MPC_1042576,EP,1,0.11003433830248238
MACO4__100__500__1_0__2_0__0_01,MPC_1042576,EP,2,0.11436758952593144
MACO4__100__500__1_0__2_0__0_1,MPC_1045862,EP,0,0.6754481141451764
MACO4__100__500__1_0__2_0__0_1,MPC_1045862,EP,1,0.677252052339375
MACO4__100__500__1_0__2_0__0_1,MPC_1045862,EP,2,0.6773603027383928
MACO4__100__500__1_0__2_0__0_1,MPC_1005583,EP,0,0.8865638121075815
MACO4__100__500__1_0__2_0__0_1,MPC_1005583,EP,1,0.8731045058010446
MACO4__100__500__1_0__2_0__0_1,MPC_1005583,EP,2,0.8358201228761629
MACO4__100__500__1_0__2_0__0_1,MPC_1046202,EP,0,0.24101272311745733
MACO4__100__500__1_0__2_0__0_1,MPC_1046202,EP,1,0.25408069233718367
MACO4__100__500__1_0__2_0__0_1,MPC_1046202,EP,2,0.2603723567146304
MACO4__100__500__1_0__2_0__0_1,MPC_1046653,EP,0,0.22367365420459176
MACO4__100__500__1_0__2_0__0_1,MPC_1046653,EP,1,0.24690655451650537
MACO4__100__500__1_0__2_0__0_1,MPC_1046653,EP,2,0.24008996170650662
MACO4__100__500__1_0__2_0__0_1,MPC_1001485,EP,0,0.5311579236480908
MACO4__100__500__1_0__2_0__0_1,MPC_1001485,EP,1,0.5267936704042486
MACO4__100__500__1_0__2_0__0_1,MPC_1001485,EP,2,0.5086056840043898
MACO4__100__500__1_0__2_0__0_1,MPC_1042576,EP,0,0.10754086734786472
MACO4__100__500__1_0__2_0__0_1,MPC_1042576,EP,1,0.09811453622295929
MACO4__100__500__1_0__2_0__0_1,MPC_1042576,EP,2,0.10932167763106114
MACO4__100__500__1_0__4_0__0_01,MPC_1045862,EP,0,0.7149570073172751
MACO4__100__500__1_0__4_0__0_01,MPC_1045862,EP,1,0.7257629440347639
MACO4__100__500__1_0__4_0__0_01,MPC_1045862,EP,2,0.7122661199638971
MACO4__100__500__1_0__4_0__0_01,MPC_1005583,EP,0,0.9833385770114054
MACO4__100__500__1_0__4_0__0_01,MPC_1005583,EP,1,0.969943230451481
MACO4__100__500__1_0__4_0__0_01,MPC_1005583,EP,2,0.927746571311952
MACO4__100__500__1_0__4_0__0_01,MPC_1046202,EP,0,0.31443668998084084
MACO4__100__500__1_0__4_0__0_01,MPC_1046202,EP,1,0.3106641128743763
MACO4__100__500__1_0__4_0__0_01,MPC_1046202,EP,2,0.3152612576692934
MACO4__100__500__1_0__4_0__0_01,MPC_1046653,EP,0,0.24568906548187172
MACO4__100__500__1_0__4_0__0_01,MPC_1046653,EP,1,0.25821152364613315
MACO4__100__500__1_0__4_0__0_01,MPC_1046653,EP,2,0.24808088954718077
MACO4__100__500__1_0__4_0__0_01,MPC_1001485,EP,0,0.5654003209634121
MACO4__100__500__1_0__4_0__0_01,MPC_1001485,EP,1,0.5440554350034219
MACO4__100__500__1_0__4_0__0_01,MPC_1001485,EP,2,0.5563710448754229
MACO4__100__500__1_0__4_0__0_01,MPC_1042576,EP,0,0.11596538496407939
MACO4__100__500__1_0__4_0__0_01,MPC_1042576,EP,1,0.09664652934534465
MACO4__100__500__1_0__4_0__0_01,MPC_1042576,EP,2,0.087581885048285
MACO4__100__500__1_0__4_0__0_1,MPC_1045862,EP,0,0.7192757028912159
MACO4__100__500__1_0__4_0__0_1,MPC_1045862,EP,1,0.690108302310869
MACO4__100__500__1_0__4_0__0_1,MPC_1045862,EP,2,0.7171359167565537
MACO4__100__500__1_0__4_0__0_1,MPC_1005583,EP,0,0.8806529508648839
MACO4__100__500__1_0__4_0__0_1,MPC_1005583,EP,1,0.9190179041627924
MACO4__100__500__1_0__4_0__0_1,MPC_1005583,EP,2,0.9184518140993437
MACO4__100__500__1_0__4_0__0_1,MPC_1046202,EP,0,0.2705589012191785
MACO4__100__500__1_0__4_0__0_1,MPC_1046202,EP,1,0.24962266263507266
MACO4__100__500__1_0__4_0__0_1,MPC_1046202,EP,2,0.27253095265466126
MACO4__100__500__1_0__4_0__0_1,MPC_1046653,EP,0,0.25474273972998707
MACO4__100__500__1_0__4_0__0_1,MPC_1046653,EP,1,0.24410508103944434
MACO4__100__500__1_0__4_0__0_1,MPC_1046653,EP,2,0.2300247789548808
MACO4__100__500__1_0__4_0__0_1,MPC_1001485,EP,0,0.5541927208507845
MACO4__100__500__1_0__4_0__0_1,MPC_1001485,EP,1,0.5384101448654136
MACO4__100__500__1_0__4_0__0_1,MPC_1001485,EP,2,0.5534848053655474
MACO4__100__500__1_0__4_0__0_1,MPC_1042576,EP,0,0.11398438007224519
MACO4__100__500__1_0__4_0__0_1,MPC_1042576,EP,1,0.11444347073830109
MACO4__100__500__1_0__4_0__0_1,MPC_1042576,EP,2,0.09844601055973555
